Category,Order Date,Sales
Furniture,01/01/2018,975.49
Furniture,01/03/2015,1893.995
Furniture,01/03/2016,1412.7504
Furniture,01/03/2017,836.592
Furniture,01/04/2017,1324.532
Furniture,01/04/2018,828.966
Furniture,01/05/2016,63.552
Furniture,01/05/2017,370.62
Furniture,01/05/2018,4051.5339999999997
Furniture,01/06/2015,2024.06
Furniture,01/08/2015,44.128
Furniture,01/08/2016,1004.976
Furniture,01/08/2017,19.312
Furniture,01/09/2016,185.1
Furniture,01/09/2017,191.82
Furniture,01/09/2018,896.72
Furniture,01/10/2017,567.2860000000001
Furniture,01/10/2018,559.76
Furniture,01/11/2015,31.68
Furniture,01/11/2016,1094.388
Furniture,01/11/2018,2665.62
Furniture,01/12/2015,4513.606
Furniture,01/12/2016,6600.68
Furniture,01/12/2017,1801.2649999999999
Furniture,01/12/2018,2542.292
Furniture,02/01/2016,452.45
Furniture,02/01/2017,173.94
Furniture,02/01/2018,913.43
Furniture,02/02/2017,92.474
Furniture,02/02/2018,296.84000000000003
Furniture,02/03/2016,787.53
Furniture,02/03/2018,441.96
Furniture,02/04/2015,177.68
Furniture,02/04/2017,1454.9
Furniture,02/04/2018,436.91
Furniture,02/05/2017,553.8000000000001
Furniture,02/05/2018,129.93
Furniture,02/06/2015,73.32
Furniture,02/07/2016,950.378
Furniture,02/07/2017,723.6139999999999
Furniture,02/08/2016,388.48
Furniture,02/08/2017,136.464
Furniture,02/09/2015,70.71
Furniture,02/09/2017,1476.154
Furniture,02/09/2018,2016.052
Furniture,02/10/2016,11.032
Furniture,02/10/2018,2758.4640000000004
Furniture,02/11/2015,89.34
Furniture,02/11/2016,4379.385
Furniture,02/11/2018,1159.624
Furniture,02/12/2015,1282.8
Furniture,02/12/2017,868.8040000000001
Furniture,02/12/2018,3527.504
Furniture,03/01/2016,1352.3976
Furniture,03/01/2017,1592.85
Furniture,03/02/2016,256.202
Furniture,03/02/2017,866.4
Furniture,03/02/2018,22.2
Furniture,03/03/2015,928.8019999999999
Furniture,03/03/2017,1236.606
Furniture,03/03/2018,751.004
Furniture,03/04/2017,71.12
Furniture,03/04/2018,25.472
Furniture,03/05/2016,1509.996
Furniture,03/05/2017,51.968
Furniture,03/05/2018,405.918
Furniture,03/06/2015,515.88
Furniture,03/06/2018,661.504
Furniture,03/07/2016,522.332
Furniture,03/07/2018,1016.678
Furniture,03/08/2015,218.75
Furniture,03/08/2018,307.332
Furniture,03/09/2016,367.72
Furniture,03/09/2017,642.396
Furniture,03/09/2018,620.631
Furniture,03/10/2015,555.8389999999999
Furniture,03/10/2016,156.156
Furniture,03/10/2017,1552.508
Furniture,03/10/2018,255.20800000000003
Furniture,03/11/2015,1355.388
Furniture,03/11/2016,1491.4199999999998
Furniture,03/11/2017,1554.779
Furniture,03/11/2018,2524.05
Furniture,03/12/2016,440.411
Furniture,03/12/2017,2140.888
Furniture,03/12/2018,591.84
Furniture,04/01/2016,192.22
Furniture,04/02/2017,14.368
Furniture,04/03/2018,103.5
Furniture,04/04/2015,5.47
Furniture,04/04/2016,108.4
Furniture,04/04/2017,82.64
Furniture,04/05/2015,39.64
Furniture,04/05/2016,49.088
Furniture,04/05/2018,300.904
Furniture,04/06/2015,424.48799999999994
Furniture,04/06/2016,35.28
Furniture,04/06/2017,810.5409999999999
Furniture,04/06/2018,62.32
Furniture,04/07/2017,1329.9650000000001
Furniture,04/08/2017,109.8
Furniture,04/09/2017,106.53999999999999
Furniture,04/09/2018,3722.982
Furniture,04/10/2015,589.41
Furniture,04/10/2016,457.884
Furniture,04/10/2017,250.94000000000003
Furniture,04/10/2018,19.98
Furniture,04/11/2015,744.9499999999999
Furniture,04/11/2017,2007.59
Furniture,04/11/2018,523.764
Furniture,04/12/2016,1200.268
Furniture,04/12/2017,113.79
Furniture,04/12/2018,992.782
Furniture,05/01/2016,61.584
Furniture,05/02/2017,816.548
Furniture,05/03/2016,521.259
Furniture,05/04/2016,1799.394
Furniture,05/05/2015,127.869
Furniture,05/05/2017,2072.464
Furniture,05/05/2018,89.991
Furniture,05/06/2016,1522.638
Furniture,05/07/2015,232.73600000000002
Furniture,05/07/2016,9.856
Furniture,05/07/2018,332.028
Furniture,05/08/2015,1962.724
Furniture,05/08/2016,14.76
Furniture,05/09/2015,31.984
Furniture,05/09/2016,778.651
Furniture,05/09/2017,3461.917
Furniture,05/10/2016,357.462
Furniture,05/10/2018,935.802
Furniture,05/11/2015,443.50800000000004
Furniture,05/11/2016,207.0
Furniture,05/11/2017,2964.4408
Furniture,05/11/2018,396.024
Furniture,05/12/2016,306.53
Furniture,05/12/2017,2225.6
Furniture,05/12/2018,321.48
Furniture,06/01/2015,2573.82
Furniture,06/02/2016,1552.74
Furniture,06/02/2017,132.224
Furniture,06/02/2018,600.754
Furniture,06/03/2016,435.26
Furniture,06/03/2017,305.02
Furniture,06/03/2018,71.97
Furniture,06/04/2015,933.384
Furniture,06/05/2017,96.31200000000001
Furniture,06/05/2018,623.4648
Furniture,06/06/2015,991.764
Furniture,06/06/2018,4.95
Furniture,06/07/2015,478.48
Furniture,06/07/2016,642.092
Furniture,06/07/2018,361.376
Furniture,06/08/2016,369.1992
Furniture,06/08/2018,161.14000000000001
Furniture,06/09/2015,41.88
Furniture,06/09/2016,463.584
Furniture,06/09/2017,722.352
Furniture,06/10/2018,41.96
Furniture,06/11/2017,563.5360000000001
Furniture,06/11/2018,2681.362
Furniture,06/12/2015,525.192
Furniture,06/12/2016,390.718
Furniture,07/01/2015,76.728
Furniture,07/01/2017,23.076
Furniture,07/03/2015,966.9839999999999
Furniture,07/04/2015,8.96
Furniture,07/04/2017,658.746
Furniture,07/04/2018,1112.5465
Furniture,07/05/2015,1066.5700000000002
Furniture,07/05/2016,244.006
Furniture,07/05/2017,506.444
Furniture,07/05/2018,1962.0900000000001
Furniture,07/06/2015,268.935
Furniture,07/07/2015,241.19400000000002
Furniture,07/07/2017,817.278
Furniture,07/07/2018,87.21
Furniture,07/08/2016,212.94
Furniture,07/08/2018,258.93399999999997
Furniture,07/09/2015,1714.5929999999998
Furniture,07/09/2016,556.106
Furniture,07/09/2018,470.68800000000005
Furniture,07/10/2015,129.92
Furniture,07/10/2018,462.43
Furniture,07/11/2015,683.144
Furniture,07/11/2016,970.8800000000001
Furniture,07/11/2017,1662.416
Furniture,07/11/2018,623.322
Furniture,07/12/2016,363.84000000000003
Furniture,07/12/2018,82.38
Furniture,08/01/2017,1565.88
Furniture,08/01/2018,892.98
Furniture,08/02/2015,14.56
Furniture,08/02/2017,241.5
Furniture,08/03/2016,1746.95
Furniture,08/03/2017,215.95999999999998
Furniture,08/04/2015,1487.622
Furniture,08/04/2017,1024.2079999999999
Furniture,08/04/2018,637.1399999999999
Furniture,08/05/2016,339.51599999999996
Furniture,08/05/2017,211.96
Furniture,08/05/2018,176.04999999999998
Furniture,08/06/2015,755.904
Furniture,08/06/2018,1497.666
Furniture,08/07/2015,566.37
Furniture,08/07/2017,662.88
Furniture,08/07/2018,484.1
Furniture,08/08/2015,658.472
Furniture,08/08/2016,144.784
Furniture,08/08/2017,513.024
Furniture,08/09/2015,3855.444
Furniture,08/09/2016,21.36
Furniture,08/09/2017,3374.9816
Furniture,08/09/2018,1000.239
Furniture,08/10/2016,218.68
Furniture,08/10/2017,51.712
Furniture,08/10/2018,145.764
Furniture,08/11/2016,5252.4259999999995
Furniture,08/11/2017,993.9000000000001
Furniture,08/11/2018,274.2
Furniture,08/12/2015,723.24
Furniture,08/12/2017,2698.454
Furniture,08/12/2018,3368.265
Furniture,09/01/2017,15.168
Furniture,09/02/2016,244.70399999999998
Furniture,09/02/2018,25.104
Furniture,09/03/2017,354.9
Furniture,09/04/2016,369.912
Furniture,09/04/2017,556.665
Furniture,09/05/2018,493.85
Furniture,09/06/2015,3233.7439999999997
Furniture,09/06/2016,355.36
Furniture,09/06/2017,815.292
Furniture,09/06/2018,132.901
Furniture,09/07/2015,119.833
Furniture,09/07/2016,181.96
Furniture,09/07/2017,573.286
Furniture,09/07/2018,526.45
Furniture,09/08/2016,1755.876
Furniture,09/09/2015,864.024
Furniture,09/09/2017,15.008
Furniture,09/09/2018,482.56399999999996
Furniture,09/10/2016,389.97
Furniture,09/10/2017,502.4
Furniture,09/10/2018,1333.393
Furniture,09/11/2015,279.186
Furniture,09/11/2016,1024.38
Furniture,09/11/2018,883.018
Furniture,09/12/2017,1136.8339999999998
Furniture,09/12/2018,1927.233
Furniture,10/01/2015,51.94
Furniture,10/01/2016,1018.104
Furniture,10/01/2017,104.77000000000001
Furniture,10/02/2018,203.983
Furniture,10/03/2017,176.784
Furniture,10/03/2018,983.976
Furniture,10/04/2018,48.992
Furniture,10/05/2015,606.749
Furniture,10/06/2017,1335.68
Furniture,10/06/2018,514.165
Furniture,10/07/2018,18.84
Furniture,10/08/2018,121.3
Furniture,10/09/2015,1741.94
Furniture,10/09/2016,648.526
Furniture,10/09/2017,300.93
Furniture,10/09/2018,362.352
Furniture,10/10/2015,169.224
Furniture,10/10/2017,211.666
Furniture,10/10/2018,239.358
Furniture,10/11/2015,657.0200000000001
Furniture,10/11/2016,29.22
Furniture,10/11/2017,1004.988
Furniture,10/11/2018,1482.52
Furniture,10/12/2015,338.352
Furniture,10/12/2016,1536.8600000000001
Furniture,10/12/2017,1746.468
Furniture,10/12/2018,2102.264
Furniture,11/01/2015,9.94
Furniture,11/01/2017,54.992
Furniture,11/02/2015,1650.05
Furniture,11/02/2018,1110.704
Furniture,11/03/2015,8.32
Furniture,11/03/2017,351.262
Furniture,11/03/2018,181.484
Furniture,11/04/2016,121.888
Furniture,11/05/2015,1279.0720000000001
Furniture,11/05/2016,191.968
Furniture,11/05/2018,217.97500000000002
Furniture,11/06/2016,1201.7520000000002
Furniture,11/06/2017,915.256
Furniture,11/06/2018,455.212
Furniture,11/07/2015,979.0500000000001
Furniture,11/07/2016,856.4680000000001
Furniture,11/08/2015,12.35
Furniture,11/08/2016,46.152
Furniture,11/09/2015,127.95
Furniture,11/09/2016,244.24
Furniture,11/09/2018,2810.894
Furniture,11/10/2015,505.958
Furniture,11/10/2016,957.5775
Furniture,11/11/2015,2071.424
Furniture,11/11/2017,3472.65
Furniture,11/11/2018,123.84
Furniture,11/12/2016,541.862
Furniture,11/12/2017,2461.7960000000003
Furniture,11/12/2018,1448.529
Furniture,12/01/2018,37.68
Furniture,12/02/2015,129.568
Furniture,12/03/2016,37.288
Furniture,12/03/2017,770.352
Furniture,12/04/2015,308.499
Furniture,12/04/2017,1176.5600000000002
Furniture,12/05/2015,734.846
Furniture,12/05/2016,21.968
Furniture,12/05/2017,10.02
Furniture,12/05/2018,328.33000000000004
Furniture,12/06/2016,43.296
Furniture,12/06/2017,433.396
Furniture,12/06/2018,1337.124
Furniture,12/07/2015,1333.846
Furniture,12/07/2016,391.367
Furniture,12/08/2015,85.44
Furniture,12/08/2017,917.2045
Furniture,12/08/2018,1834.8200000000002
Furniture,12/09/2015,3825.852
Furniture,12/09/2017,1679.8719999999998
Furniture,12/09/2018,8.36
Furniture,12/10/2016,1735.158
Furniture,12/10/2018,3123.328
Furniture,12/11/2015,697.0572
Furniture,12/11/2016,670.0559999999999
Furniture,12/11/2017,4158.352
Furniture,12/11/2018,250.304
Furniture,12/12/2015,4695.6005000000005
Furniture,12/12/2016,515.428
Furniture,12/12/2017,417.12
Furniture,13/01/2015,879.9390000000001
Furniture,13/01/2016,542.45
Furniture,13/01/2018,212.94
Furniture,13/02/2018,107.53
Furniture,13/03/2016,1384.856
Furniture,13/03/2017,1100.4250000000002
Furniture,13/03/2018,89.768
Furniture,13/04/2016,1811.432
Furniture,13/04/2018,436.704
Furniture,13/05/2015,279.456
Furniture,13/05/2018,458.43
Furniture,13/06/2018,761.4380000000001
Furniture,13/07/2015,351.216
Furniture,13/07/2016,1931.04
Furniture,13/07/2018,91.008
Furniture,13/08/2016,31.56
Furniture,13/08/2017,241.96
Furniture,13/08/2018,455.632
Furniture,13/09/2015,354.306
Furniture,13/09/2016,1816.202
Furniture,13/09/2017,1336.44
Furniture,13/10/2015,1544.53
Furniture,13/10/2016,287.94
Furniture,13/10/2017,1017.71
Furniture,13/10/2018,1514.996
Furniture,13/11/2016,1097.8052
Furniture,13/11/2017,54.08
Furniture,13/11/2018,2765.6532
Furniture,13/12/2015,182.38799999999998
Furniture,13/12/2017,1114.272
Furniture,13/12/2018,489.01599999999996
Furniture,14/01/2015,61.96
Furniture,14/01/2017,315.776
Furniture,14/02/2017,560.991
Furniture,14/03/2015,1139.92
Furniture,14/03/2017,476.736
Furniture,14/04/2017,1317.336
Furniture,14/04/2018,515.074
Furniture,14/05/2015,310.88
Furniture,14/05/2016,1452.7875
Furniture,14/05/2017,109.576
Furniture,14/05/2018,1179.6699999999998
Furniture,14/06/2015,212.94
Furniture,14/06/2016,51.072
Furniture,14/06/2017,3353.7290000000003
Furniture,14/07/2015,31.984
Furniture,14/07/2016,569.684
Furniture,14/07/2017,661.6859999999999
Furniture,14/07/2018,692.45
Furniture,14/08/2018,418.296
Furniture,14/09/2015,629.78
Furniture,14/09/2016,1082.886
Furniture,14/09/2018,830.718
Furniture,14/10/2015,1628.82
Furniture,14/10/2017,102.592
Furniture,14/10/2018,9.46
Furniture,14/11/2015,69.264
Furniture,14/11/2016,1190.332
Furniture,14/11/2017,856.56
Furniture,14/11/2018,321.568
Furniture,14/12/2015,322.834
Furniture,14/12/2016,50.62
Furniture,14/12/2017,611.724
Furniture,14/12/2018,1852.5320000000002
Furniture,15/01/2017,181.797
Furniture,15/03/2015,45.696
Furniture,15/03/2017,1352.032
Furniture,15/04/2015,187.76
Furniture,15/04/2017,1121.568
Furniture,15/04/2018,196.45
Furniture,15/05/2018,303.544
Furniture,15/06/2015,897.862
Furniture,15/06/2016,404.96000000000004
Furniture,15/06/2018,928.2079999999999
Furniture,15/07/2017,230.28
Furniture,15/07/2018,1847.529
Furniture,15/08/2016,104.23
Furniture,15/08/2017,537.326
Furniture,15/09/2015,118.49600000000001
Furniture,15/09/2016,1976.884
Furniture,15/09/2017,1128.39
Furniture,15/09/2018,2612.768
Furniture,15/10/2015,198.75600000000003
Furniture,15/10/2016,2601.946
Furniture,15/10/2018,532.96
Furniture,15/11/2015,10.11
Furniture,15/11/2016,39.96
Furniture,15/11/2017,630.024
Furniture,15/11/2018,559.2
Furniture,15/12/2015,1223.786
Furniture,15/12/2016,262.864
Furniture,15/12/2017,2231.895
Furniture,15/12/2018,22.77
Furniture,16/01/2015,127.104
Furniture,16/01/2018,730.2620000000001
Furniture,16/02/2017,935.644
Furniture,16/02/2018,608.25
Furniture,16/03/2016,215.09
Furniture,16/03/2018,51.264
Furniture,16/04/2016,1847.8839999999998
Furniture,16/04/2017,9.96
Furniture,16/04/2018,102.833
Furniture,16/05/2015,232.88
Furniture,16/05/2017,282.84
Furniture,16/06/2015,647.84
Furniture,16/06/2016,197.372
Furniture,16/06/2018,1514.92
Furniture,16/07/2016,2199.836
Furniture,16/07/2017,9.552
Furniture,16/07/2018,71.372
Furniture,16/08/2015,853.092
Furniture,16/08/2016,555.822
Furniture,16/08/2017,161.28
Furniture,16/09/2017,395.446
Furniture,16/09/2018,22.512
Furniture,16/10/2017,142.182
Furniture,16/10/2018,2422.558
Furniture,16/11/2015,343.27049999999997
Furniture,16/11/2016,1784.164
Furniture,16/11/2018,289.59
Furniture,16/12/2015,2789.808
Furniture,16/12/2017,563.92
Furniture,16/12/2018,197.712
Furniture,17/01/2016,254.744
Furniture,17/01/2017,322.59
Furniture,17/02/2018,1955.5704
Furniture,17/03/2015,3265.23
Furniture,17/03/2017,971.5
Furniture,17/04/2017,355.24300000000005
Furniture,17/04/2018,278.664
Furniture,17/05/2017,195.848
Furniture,17/06/2015,6.24
Furniture,17/06/2017,1685.43
Furniture,17/06/2018,155.25
Furniture,17/07/2016,427.38599999999997
Furniture,17/07/2017,37.17
Furniture,17/07/2018,1241.149
Furniture,17/08/2018,4970.114
Furniture,17/09/2015,35.34
Furniture,17/09/2016,10006.173999999999
Furniture,17/09/2017,430.00800000000004
Furniture,17/09/2018,2335.29
Furniture,17/10/2015,5.312
Furniture,17/10/2017,241.64600000000002
Furniture,17/11/2015,5270.08
Furniture,17/11/2016,1667.028
Furniture,17/11/2018,515.4928
Furniture,17/12/2016,1245.6419999999998
Furniture,17/12/2017,2003.52
Furniture,17/12/2018,629.26
Furniture,18/02/2015,25.16
Furniture,18/02/2016,35.544
Furniture,18/03/2015,1462.4499999999998
Furniture,18/03/2017,189.882
Furniture,18/03/2018,82.524
Furniture,18/04/2015,317.058
Furniture,18/04/2016,152.83599999999998
Furniture,18/04/2017,472.252
Furniture,18/05/2015,149.232
Furniture,18/05/2018,342.0
Furniture,18/06/2016,779.336
Furniture,18/06/2018,917.9235
Furniture,18/07/2015,259.136
Furniture,18/07/2017,1539.17
Furniture,18/07/2018,1473.888
Furniture,18/08/2017,14.896
Furniture,18/08/2018,204.38
Furniture,18/09/2016,24.4
Furniture,18/09/2017,3218.7400000000002
Furniture,18/09/2018,30.14
Furniture,18/10/2015,1151.22
Furniture,18/10/2016,10.11
Furniture,18/10/2017,307.92
Furniture,18/11/2015,2191.732
Furniture,18/11/2017,557.068
Furniture,18/11/2018,152.966
Furniture,18/12/2016,20.32
Furniture,18/12/2017,1183.99
Furniture,18/12/2018,1380.6810000000003
Furniture,19/01/2015,181.47
Furniture,19/01/2016,301.742
Furniture,19/01/2018,919.2389999999999
Furniture,19/02/2017,44.46
Furniture,19/02/2018,44.67
Furniture,19/03/2015,25.008
Furniture,19/03/2017,107.594
Furniture,19/03/2018,728.0899999999999
Furniture,19/04/2015,76.14
Furniture,19/04/2017,205.176
Furniture,19/05/2017,717.64
Furniture,19/05/2018,2624.58
Furniture,19/06/2016,12.56
Furniture,19/06/2018,1256.385
Furniture,19/07/2015,70.56
Furniture,19/07/2017,690.48
Furniture,19/08/2015,928.0600000000001
Furniture,19/09/2015,961.0179999999999
Furniture,19/09/2016,122.80000000000001
Furniture,19/09/2017,1599.324
Furniture,19/09/2018,481.804
Furniture,19/10/2018,531.1622
Furniture,19/11/2015,1025.88
Furniture,19/11/2016,141.96
Furniture,19/11/2017,34.288000000000004
Furniture,19/11/2018,2603.165
Furniture,19/12/2015,1819.86
Furniture,19/12/2016,1053.164
Furniture,19/12/2017,759.8900000000001
Furniture,19/12/2018,115.378
Furniture,20/01/2015,1413.51
Furniture,20/01/2018,207.846
Furniture,20/02/2015,20.32
Furniture,20/02/2018,477.84400000000005
Furniture,20/03/2017,783.61
Furniture,20/03/2018,2.91
Furniture,20/04/2015,1205.61
Furniture,20/04/2016,595.38
Furniture,20/04/2018,470.394
Furniture,20/05/2015,150.192
Furniture,20/05/2016,163.136
Furniture,20/05/2017,1049.2
Furniture,20/05/2018,525.2520000000001
Furniture,20/06/2015,193.0656
Furniture,20/06/2016,257.64
Furniture,20/06/2017,219.258
Furniture,20/07/2015,1041.132
Furniture,20/07/2016,1298.374
Furniture,20/07/2018,539.4159999999999
Furniture,20/08/2015,921.6120000000001
Furniture,20/09/2015,3071.6400000000003
Furniture,20/09/2017,279.36
Furniture,20/09/2018,5496.174
Furniture,20/10/2015,328.59
Furniture,20/10/2016,455.55600000000004
Furniture,20/10/2017,504.922
Furniture,20/10/2018,328.29999999999995
Furniture,20/11/2016,1656.7
Furniture,20/11/2017,702.0360000000001
Furniture,20/11/2018,880.862
Furniture,20/12/2015,4039.814
Furniture,20/12/2016,373.426
Furniture,20/12/2017,18.92
Furniture,21/01/2017,1167.056
Furniture,21/01/2018,84.98
Furniture,21/02/2017,204.75
Furniture,21/03/2015,251.328
Furniture,21/03/2017,627.8019999999999
Furniture,21/03/2018,1828.0200000000002
Furniture,21/04/2016,401.84000000000003
Furniture,21/04/2018,1071.42
Furniture,21/05/2015,107.772
Furniture,21/05/2018,520.05
Furniture,21/06/2015,107.994
Furniture,21/06/2017,353.568
Furniture,21/06/2018,17.92
Furniture,21/07/2015,1732.346
Furniture,21/07/2017,363.92
Furniture,21/07/2018,661.44
Furniture,21/08/2016,1754.848
Furniture,21/08/2017,3702.348
Furniture,21/08/2018,2070.832
Furniture,21/09/2015,8.544
Furniture,21/09/2016,3119.064
Furniture,21/10/2015,1000.9100000000001
Furniture,21/10/2017,1967.192
Furniture,21/10/2018,1470.238
Furniture,21/11/2016,2055.7748
Furniture,21/11/2017,514.21
Furniture,21/11/2018,98.4
Furniture,21/12/2015,1897.92
Furniture,21/12/2016,1670.126
Furniture,21/12/2018,15.92
Furniture,22/01/2017,575.308
Furniture,22/03/2015,314.352
Furniture,22/03/2016,91.96
Furniture,22/03/2017,167.888
Furniture,22/04/2017,1414.3700000000001
Furniture,22/04/2018,272.632
Furniture,22/05/2017,174.286
Furniture,22/05/2018,181.986
Furniture,22/06/2015,1023.9879999999999
Furniture,22/06/2016,796.425
Furniture,22/06/2018,487.96
Furniture,22/07/2015,888.072
Furniture,22/07/2017,39.068
Furniture,22/07/2018,526.344
Furniture,22/08/2017,98.328
Furniture,22/08/2018,524.54
Furniture,22/09/2015,676.9680000000001
Furniture,22/09/2016,252.57999999999998
Furniture,22/09/2017,100.672
Furniture,22/09/2018,254.03
Furniture,22/10/2015,223.808
Furniture,22/10/2017,173.26
Furniture,22/10/2018,1005.3409999999999
Furniture,22/11/2016,206.962
Furniture,22/11/2017,39.88
Furniture,22/12/2016,422.625
Furniture,22/12/2017,919.3040000000001
Furniture,22/12/2018,4086.456
Furniture,23/01/2017,59.99
Furniture,23/01/2018,210.98
Furniture,23/03/2016,107.772
Furniture,23/03/2018,211.84
Furniture,23/04/2015,585.08
Furniture,23/04/2018,567.2520000000001
Furniture,23/05/2016,75.33
Furniture,23/05/2017,37.05
Furniture,23/05/2018,171.288
Furniture,23/06/2016,27.42
Furniture,23/07/2016,128.82
Furniture,23/08/2015,4.224
Furniture,23/08/2017,555.3119999999999
Furniture,23/08/2018,2.784
Furniture,23/09/2015,435.999
Furniture,23/09/2017,1114.426
Furniture,23/09/2018,804.732
Furniture,23/10/2016,1275.1039999999998
Furniture,23/10/2017,16.156
Furniture,23/10/2018,1193.4
Furniture,23/11/2015,1147.1
Furniture,23/11/2017,84.81599999999999
Furniture,23/11/2018,186.697
Furniture,23/12/2015,118.10000000000001
Furniture,23/12/2017,1002.84
Furniture,23/12/2018,282.114
Furniture,24/03/2015,40.48
Furniture,24/03/2016,405.95799999999997
Furniture,24/03/2017,301.47
Furniture,24/03/2018,479.61
Furniture,24/04/2017,1325.76
Furniture,24/05/2016,602.651
Furniture,24/06/2015,4.272
Furniture,24/06/2018,449.454
Furniture,24/07/2016,20.94
Furniture,24/07/2017,253.764
Furniture,24/08/2015,13.28
Furniture,24/08/2016,1218.059
Furniture,24/09/2016,1940.51
Furniture,24/09/2017,931.202
Furniture,24/09/2018,1427.24
Furniture,24/10/2016,801.633
Furniture,24/10/2018,517.405
Furniture,24/11/2015,1029.808
Furniture,24/11/2016,79.76
Furniture,24/11/2017,2324.632
Furniture,24/11/2018,1734.028
Furniture,24/12/2015,346.622
Furniture,24/12/2016,1563.994
Furniture,24/12/2017,843.52
Furniture,24/12/2018,1393.4940000000001
Furniture,25/01/2017,359.702
Furniture,25/02/2018,428.70399999999995
Furniture,25/03/2015,366.786
Furniture,25/03/2018,1986.52
Furniture,25/04/2015,1790.29
Furniture,25/04/2016,128.058
Furniture,25/04/2018,344.981
Furniture,25/05/2015,29.32
Furniture,25/05/2016,14.73
Furniture,25/05/2017,24.96
Furniture,25/05/2018,18.84
Furniture,25/06/2015,447.84
Furniture,25/06/2016,280.234
Furniture,25/06/2017,540.016
Furniture,25/06/2018,1272.184
Furniture,25/07/2015,77.92
Furniture,25/07/2016,1625.048
Furniture,25/07/2017,2996.708
Furniture,25/07/2018,456.79999999999995
Furniture,25/08/2015,6.28
Furniture,25/08/2016,68.768
Furniture,25/08/2018,130.98
Furniture,25/09/2015,300.5328
Furniture,25/09/2016,1454.3480000000002
Furniture,25/09/2017,1141.431
Furniture,25/09/2018,805.7360000000001
Furniture,25/10/2016,1126.612
Furniture,25/11/2015,2302.967
Furniture,25/11/2017,1762.962
Furniture,25/11/2018,2639.309
Furniture,25/12/2016,1433.5639999999999
Furniture,25/12/2017,6636.862999999999
Furniture,25/12/2018,832.454
Furniture,26/01/2015,217.2
Furniture,26/01/2018,62.72
Furniture,26/02/2018,892.224
Furniture,26/03/2018,318.408
Furniture,26/04/2015,230.28
Furniture,26/04/2016,1592.8495
Furniture,26/04/2017,434.646
Furniture,26/04/2018,1.988
Furniture,26/05/2015,875.7339999999999
Furniture,26/05/2016,230.856
Furniture,26/05/2017,941.4440000000001
Furniture,26/06/2016,332.94
Furniture,26/06/2017,59.88
Furniture,26/06/2018,800.0020000000001
Furniture,26/07/2015,919.448
Furniture,26/07/2016,659.517
Furniture,26/07/2018,362.352
Furniture,26/08/2015,10.68
Furniture,26/08/2017,3262.232
Furniture,26/08/2018,64.96
Furniture,26/09/2015,752.304
Furniture,26/09/2017,1627.4805
Furniture,26/09/2018,428.37600000000003
Furniture,26/10/2015,63.92
Furniture,26/10/2018,356.85
Furniture,26/11/2015,19.3
Furniture,26/11/2016,692.472
Furniture,26/11/2017,4315.22
Furniture,26/11/2018,1375.6000000000001
Furniture,26/12/2015,1353.158
Furniture,26/12/2016,326.646
Furniture,26/12/2017,1262.004
Furniture,27/01/2015,333.0
Furniture,27/01/2016,2985.906
Furniture,27/02/2016,493.92
Furniture,27/02/2017,16.192
Furniture,27/03/2017,60.16
Furniture,27/03/2018,2142.244
Furniture,27/04/2016,1267.53
Furniture,27/04/2018,359.8456
Furniture,27/05/2015,567.12
Furniture,27/05/2017,3535.6600000000003
Furniture,27/05/2018,512.3
Furniture,27/06/2015,85.98
Furniture,27/06/2017,539.658
Furniture,27/06/2018,317.94599999999997
Furniture,27/07/2018,129.802
Furniture,27/08/2015,1232.06
Furniture,27/08/2017,244.615
Furniture,27/08/2018,2037.74
Furniture,27/09/2015,691.4599999999999
Furniture,27/09/2016,24.288
Furniture,27/09/2017,956.6648
Furniture,27/10/2017,758.8240000000001
Furniture,27/10/2018,746.241
Furniture,27/11/2015,199.9
Furniture,27/11/2016,1315.3955
Furniture,27/11/2017,362.583
Furniture,27/11/2018,65.78
Furniture,27/12/2015,1212.798
Furniture,27/12/2016,2477.9031999999997
Furniture,27/12/2017,845.488
Furniture,28/01/2016,4297.644
Furniture,28/01/2018,37.74
Furniture,28/02/2016,551.264
Furniture,28/03/2015,1184.72
Furniture,28/03/2018,48.04
Furniture,28/04/2017,71.912
Furniture,28/05/2017,390.272
Furniture,28/05/2018,799.689
Furniture,28/06/2015,1228.465
Furniture,28/06/2016,1104.7
Furniture,28/06/2017,121.96
Furniture,28/07/2015,129.888
Furniture,28/07/2017,504.87
Furniture,28/08/2016,415.307
Furniture,28/08/2017,156.3728
Furniture,28/08/2018,1137.75
Furniture,28/09/2015,337.088
Furniture,28/09/2018,42.016000000000005
Furniture,28/10/2015,616.998
Furniture,28/10/2016,57.21
Furniture,28/10/2017,1111.368
Furniture,28/10/2018,77.952
Furniture,28/11/2015,808.932
Furniture,28/11/2016,625.962
Furniture,28/11/2017,530.472
Furniture,28/11/2018,4659.14
Furniture,28/12/2018,551.2568
Furniture,29/03/2015,890.841
Furniture,29/03/2016,1186.8400000000001
Furniture,29/03/2017,1558.091
Furniture,29/04/2015,631.0039999999999
Furniture,29/04/2018,1048.35
Furniture,29/05/2016,358.626
Furniture,29/05/2017,44.76
Furniture,29/05/2018,71.664
Furniture,29/06/2016,137.986
Furniture,29/06/2018,1381.2932
Furniture,29/07/2018,418.63
Furniture,29/08/2015,174.0585
Furniture,29/08/2017,405.79999999999995
Furniture,29/08/2018,148.02
Furniture,29/09/2015,3153.3880000000004
Furniture,29/09/2018,553.688
Furniture,29/10/2017,67.0
Furniture,29/11/2016,1408.8700000000001
Furniture,29/11/2017,242.176
Furniture,29/11/2018,491.888
Furniture,29/12/2015,143.172
Furniture,29/12/2017,825.01
Furniture,29/12/2018,2330.718
Furniture,30/01/2016,227.36
Furniture,30/01/2017,1109.848
Furniture,30/01/2018,643.875
Furniture,30/03/2015,332.968
Furniture,30/03/2016,366.744
Furniture,30/03/2018,94.2
Furniture,30/04/2016,278.295
Furniture,30/04/2017,134.496
Furniture,30/04/2018,309.344
Furniture,30/05/2015,355.455
Furniture,30/05/2017,3292.308
Furniture,30/05/2018,468.2284
Furniture,30/06/2017,1266.86
Furniture,30/06/2018,2105.661
Furniture,30/07/2015,1367.84
Furniture,30/07/2016,161.16
Furniture,30/08/2017,833.784
Furniture,30/09/2015,15.24
Furniture,30/09/2017,523.92
Furniture,30/10/2016,15.488
Furniture,30/10/2018,1301.758
Furniture,30/11/2016,1115.2
Furniture,30/11/2017,389.97
Furniture,30/11/2018,4129.728
Furniture,30/12/2015,523.764
Furniture,30/12/2017,170.786
Furniture,30/12/2018,323.136
Furniture,31/01/2015,290.666
Furniture,31/01/2016,53.34
Furniture,31/03/2015,1125.488
Furniture,31/03/2016,22.38
Furniture,31/03/2017,327.996
Furniture,31/03/2018,296.1128
Furniture,31/05/2016,4056.7400000000002
Furniture,31/05/2017,223.143
Furniture,31/07/2016,1090.782
Furniture,31/07/2017,1136.068
Furniture,31/07/2018,36.96
Furniture,31/08/2016,1552.831
Furniture,31/08/2018,569.568
Furniture,31/10/2015,3591.032
Furniture,31/10/2016,748.969
Furniture,31/10/2017,2265.7250000000004
Furniture,31/12/2015,2584.5280000000002
Furniture,31/12/2016,14.76
Office Supplies,01/01/2018,506.338
Office Supplies,01/02/2017,161.97
Office Supplies,01/03/2015,303.216
Office Supplies,01/03/2016,117.6
Office Supplies,01/03/2017,389.3
Office Supplies,01/04/2015,119.88799999999999
Office Supplies,01/04/2017,788.8380000000001
Office Supplies,01/04/2018,320.062
Office Supplies,01/05/2016,298.636
Office Supplies,01/05/2017,147.246
Office Supplies,01/05/2018,7.936
Office Supplies,01/06/2015,2282.5299999999997
Office Supplies,01/06/2016,492.31800000000004
Office Supplies,01/06/2018,427.66600000000005
Office Supplies,01/07/2015,25.104000000000003
Office Supplies,01/07/2017,193.586
Office Supplies,01/07/2018,639.83
Office Supplies,01/08/2015,184.2
Office Supplies,01/08/2016,6.72
Office Supplies,01/08/2017,65.608
Office Supplies,01/08/2018,277.724
Office Supplies,01/09/2015,112.43599999999999
Office Supplies,01/09/2016,1222.48
Office Supplies,01/09/2017,4993.393999999999
Office Supplies,01/09/2018,345.1
Office Supplies,01/10/2015,4.71
Office Supplies,01/10/2016,164.866
Office Supplies,01/10/2017,64.71600000000001
Office Supplies,01/10/2018,609.066
Office Supplies,01/11/2015,1487.352
Office Supplies,01/11/2016,24.567999999999998
Office Supplies,01/11/2017,363.462
Office Supplies,01/11/2018,255.81
Office Supplies,01/12/2015,82.928
Office Supplies,01/12/2016,529.914
Office Supplies,01/12/2017,4382.352
Office Supplies,01/12/2018,1371.45
Office Supplies,02/01/2016,139.08
Office Supplies,02/01/2018,453.834
Office Supplies,02/02/2015,30.686
Office Supplies,02/02/2017,154.35999999999999
Office Supplies,02/02/2018,316.56
Office Supplies,02/03/2015,47.76
Office Supplies,02/03/2016,112.03999999999999
Office Supplies,02/03/2018,331.45
Office Supplies,02/04/2015,230.948
Office Supplies,02/04/2016,41.348
Office Supplies,02/04/2018,26.06
Office Supplies,02/05/2015,26.136
Office Supplies,02/05/2016,8.856
Office Supplies,02/05/2017,213.516
Office Supplies,02/05/2018,109.62
Office Supplies,02/06/2015,425.308
Office Supplies,02/06/2017,157.844
Office Supplies,02/06/2018,132.73600000000002
Office Supplies,02/07/2015,5.58
Office Supplies,02/07/2016,607.284
Office Supplies,02/07/2017,49.172000000000004
Office Supplies,02/07/2018,169.192
Office Supplies,02/08/2015,865.08
Office Supplies,02/08/2016,14.768
Office Supplies,02/08/2017,12.544
Office Supplies,02/09/2015,1907.81
Office Supplies,02/09/2017,689.751
Office Supplies,02/09/2018,2661.498
Office Supplies,02/10/2015,42.208
Office Supplies,02/10/2016,611.2339999999999
Office Supplies,02/10/2017,953.022
Office Supplies,02/10/2018,2139.6240000000003
Office Supplies,02/11/2015,417.02200000000005
Office Supplies,02/11/2016,356.532
Office Supplies,02/11/2018,2025.652
Office Supplies,02/12/2015,243.298
Office Supplies,02/12/2017,3020.2619999999997
Office Supplies,02/12/2018,2665.612
Office Supplies,03/01/2015,16.448
Office Supplies,03/01/2016,17.424
Office Supplies,03/01/2017,126.33999999999999
Office Supplies,03/01/2018,2070.272
Office Supplies,03/02/2015,97.11200000000001
Office Supplies,03/02/2016,86.664
Office Supplies,03/02/2018,900.127
Office Supplies,03/03/2015,407.1
Office Supplies,03/03/2017,4651.41
Office Supplies,03/03/2018,99.67999999999999
Office Supplies,03/04/2017,110.11800000000001
Office Supplies,03/04/2018,7.056
Office Supplies,03/05/2015,72.632
Office Supplies,03/05/2016,321.252
Office Supplies,03/05/2017,257.61199999999997
Office Supplies,03/05/2018,980.428
Office Supplies,03/06/2015,15.28
Office Supplies,03/06/2018,247.26999999999998
Office Supplies,03/07/2016,301.65000000000003
Office Supplies,03/07/2017,847.6999999999999
Office Supplies,03/07/2018,459.78400000000005
Office Supplies,03/08/2015,259.244
Office Supplies,03/08/2017,81.54
Office Supplies,03/08/2018,167.68
Office Supplies,03/09/2015,22.08
Office Supplies,03/09/2016,1259.338
Office Supplies,03/09/2017,1442.4180000000001
Office Supplies,03/09/2018,589.448
Office Supplies,03/10/2015,164.356
Office Supplies,03/10/2016,47.078
Office Supplies,03/10/2017,128.188
Office Supplies,03/10/2018,1877.302
Office Supplies,03/11/2015,554.845
Office Supplies,03/11/2016,6.608
Office Supplies,03/11/2017,1913.076
Office Supplies,03/11/2018,407.50100000000003
Office Supplies,03/12/2015,25.92
Office Supplies,03/12/2016,907.5260000000001
Office Supplies,03/12/2017,1478.9779999999998
Office Supplies,03/12/2018,447.932
Office Supplies,04/01/2015,288.06
Office Supplies,04/01/2016,72.24000000000001
Office Supplies,04/01/2017,109.252
Office Supplies,04/02/2015,134.38400000000001
Office Supplies,04/02/2017,93.02
Office Supplies,04/02/2018,32.67
Office Supplies,04/03/2015,370.452
Office Supplies,04/03/2017,155.47
Office Supplies,04/03/2018,125.32199999999999
Office Supplies,04/04/2015,370.394
Office Supplies,04/04/2016,765.268
Office Supplies,04/04/2017,647.6139999999999
Office Supplies,04/04/2018,264.39
Office Supplies,04/05/2015,147.792
Office Supplies,04/05/2016,125.93
Office Supplies,04/05/2018,661.3810000000001
Office Supplies,04/06/2015,31.784
Office Supplies,04/06/2016,47.08
Office Supplies,04/06/2017,124.148
Office Supplies,04/06/2018,145.11
Office Supplies,04/07/2015,247.40800000000002
Office Supplies,04/07/2016,38.328
Office Supplies,04/07/2017,71.88
Office Supplies,04/08/2015,2087.774
Office Supplies,04/08/2017,85.726
Office Supplies,04/08/2018,20.07
Office Supplies,04/09/2016,316.95799999999997
Office Supplies,04/09/2017,1321.322
Office Supplies,04/09/2018,1477.484
Office Supplies,04/10/2015,139.338
Office Supplies,04/10/2016,47.696
Office Supplies,04/10/2017,209.252
Office Supplies,04/11/2015,206.566
Office Supplies,04/11/2017,1194.828
Office Supplies,04/11/2018,473.76800000000003
Office Supplies,04/12/2016,2035.484
Office Supplies,04/12/2017,752.346
Office Supplies,04/12/2018,199.138
Office Supplies,05/01/2015,19.536
Office Supplies,05/01/2016,233.688
Office Supplies,05/01/2017,5.248
Office Supplies,05/02/2017,1428.28
Office Supplies,05/02/2018,1891.8120000000001
Office Supplies,05/03/2015,225.59199999999998
Office Supplies,05/03/2016,915.698
Office Supplies,05/03/2017,162.344
Office Supplies,05/03/2018,940.05
Office Supplies,05/04/2015,5150.748
Office Supplies,05/04/2016,877.886
Office Supplies,05/04/2017,927.5519999999999
Office Supplies,05/05/2015,133.108
Office Supplies,05/05/2017,205.168
Office Supplies,05/05/2018,95.132
Office Supplies,05/06/2016,10.56
Office Supplies,05/06/2017,659.82
Office Supplies,05/06/2018,20.736
Office Supplies,05/07/2015,731.398
Office Supplies,05/07/2016,76.99000000000001
Office Supplies,05/07/2018,64.366
Office Supplies,05/08/2015,293.65
Office Supplies,05/08/2016,57.89
Office Supplies,05/08/2017,197.05
Office Supplies,05/08/2018,423.89599999999996
Office Supplies,05/09/2015,264.32
Office Supplies,05/09/2016,155.452
Office Supplies,05/09/2017,1217.647
Office Supplies,05/09/2018,237.476
Office Supplies,05/10/2015,91.92
Office Supplies,05/10/2016,152.59
Office Supplies,05/10/2018,228.308
Office Supplies,05/11/2015,1093.29
Office Supplies,05/11/2016,627.874
Office Supplies,05/11/2017,464.82
Office Supplies,05/11/2018,815.552
Office Supplies,05/12/2015,2170.252
Office Supplies,05/12/2016,503.808
Office Supplies,05/12/2017,1678.934
Office Supplies,05/12/2018,796.0600000000001
Office Supplies,06/01/2015,685.34
Office Supplies,06/01/2016,31.538
Office Supplies,06/01/2018,33.74
Office Supplies,06/02/2015,23.951999999999998
Office Supplies,06/02/2016,861.276
Office Supplies,06/02/2018,76.14
Office Supplies,06/03/2017,6.105
Office Supplies,06/03/2018,499.882
Office Supplies,06/04/2015,266.652
Office Supplies,06/04/2016,114.51599999999999
Office Supplies,06/04/2018,114.41999999999999
Office Supplies,06/05/2015,254.456
Office Supplies,06/05/2017,114.472
Office Supplies,06/05/2018,1332.0249999999999
Office Supplies,06/06/2015,382.237
Office Supplies,06/06/2017,1090.48
Office Supplies,06/06/2018,26.4
Office Supplies,06/07/2016,612.77
Office Supplies,06/07/2018,19.002000000000002
Office Supplies,06/08/2016,125.67
Office Supplies,06/08/2017,109.22
Office Supplies,06/08/2018,437.93600000000004
Office Supplies,06/09/2015,58.48
Office Supplies,06/09/2016,71.78999999999999
Office Supplies,06/09/2017,229.74
Office Supplies,06/10/2015,485.62
Office Supplies,06/10/2017,58.730000000000004
Office Supplies,06/10/2018,818.9
Office Supplies,06/11/2016,11.481
Office Supplies,06/11/2017,209.72
Office Supplies,06/11/2018,1481.478
Office Supplies,06/12/2015,1410.746
Office Supplies,06/12/2016,2171.83
Office Supplies,06/12/2017,1791.222
Office Supplies,06/12/2018,10.68
Office Supplies,07/01/2015,10.43
Office Supplies,07/01/2017,60.5
Office Supplies,07/01/2018,335.608
Office Supplies,07/02/2015,64.96
Office Supplies,07/02/2016,324.10999999999996
Office Supplies,07/02/2017,38.182
Office Supplies,07/03/2015,594.078
Office Supplies,07/03/2016,99.72
Office Supplies,07/03/2018,117.51
Office Supplies,07/04/2015,181.29
Office Supplies,07/04/2016,523.484
Office Supplies,07/04/2017,41.58
Office Supplies,07/04/2018,21.584
Office Supplies,07/05/2015,24.78
Office Supplies,07/05/2016,61.616
Office Supplies,07/05/2017,129.632
Office Supplies,07/05/2018,87.444
Office Supplies,07/06/2015,12.462
Office Supplies,07/06/2016,59.768
Office Supplies,07/06/2017,51.562
Office Supplies,07/07/2017,204.999
Office Supplies,07/07/2018,52.356
Office Supplies,07/08/2016,260.296
Office Supplies,07/08/2018,2033.69
Office Supplies,07/09/2015,651.076
Office Supplies,07/09/2016,924.6669999999999
Office Supplies,07/09/2018,2388.661
Office Supplies,07/10/2015,107.44
Office Supplies,07/10/2017,136.112
Office Supplies,07/10/2018,739.822
Office Supplies,07/11/2015,619.3100000000001
Office Supplies,07/11/2016,1814.283
Office Supplies,07/11/2017,924.172
Office Supplies,07/11/2018,160.892
Office Supplies,07/12/2015,548.4
Office Supplies,07/12/2016,200.518
Office Supplies,07/12/2018,2279.774
Office Supplies,08/01/2017,184.494
Office Supplies,08/02/2016,21.11
Office Supplies,08/03/2016,46.396
Office Supplies,08/03/2017,474.354
Office Supplies,08/03/2018,843.1
Office Supplies,08/04/2015,71.168
Office Supplies,08/04/2017,1450.268
Office Supplies,08/04/2018,5764.79
Office Supplies,08/05/2016,464.538
Office Supplies,08/05/2017,1070.172
Office Supplies,08/05/2018,122.55199999999999
Office Supplies,08/06/2015,1745.3600000000001
Office Supplies,08/06/2016,143.128
Office Supplies,08/06/2018,240.732
Office Supplies,08/07/2015,196.704
Office Supplies,08/07/2016,21.12
Office Supplies,08/07/2017,158.048
Office Supplies,08/07/2018,1304.2640000000001
Office Supplies,08/08/2015,705.275
Office Supplies,08/08/2016,615.328
Office Supplies,08/08/2017,602.18
Office Supplies,08/09/2015,1692.2559999999999
Office Supplies,08/09/2016,68.28
Office Supplies,08/09/2017,966.29
Office Supplies,08/09/2018,236.072
Office Supplies,08/10/2015,123.92
Office Supplies,08/10/2016,3.44
Office Supplies,08/10/2017,509.824
Office Supplies,08/10/2018,83.44
Office Supplies,08/11/2016,768.761
Office Supplies,08/11/2018,109.9
Office Supplies,08/12/2015,215.28
Office Supplies,08/12/2016,598.368
Office Supplies,08/12/2017,463.891
Office Supplies,08/12/2018,2632.752
Office Supplies,09/01/2015,9.344
Office Supplies,09/01/2016,364.07
Office Supplies,09/01/2018,274.491
Office Supplies,09/02/2016,40.096
Office Supplies,09/02/2018,620.6759999999999
Office Supplies,09/03/2016,4.608
Office Supplies,09/03/2017,80.95
Office Supplies,09/03/2018,30.84
Office Supplies,09/04/2016,388.08
Office Supplies,09/04/2017,40.632
Office Supplies,09/04/2018,1626.71
Office Supplies,09/05/2015,158.70999999999998
Office Supplies,09/05/2016,48.81
Office Supplies,09/05/2017,1170.396
Office Supplies,09/05/2018,384.392
Office Supplies,09/06/2015,338.712
Office Supplies,09/06/2016,228.78
Office Supplies,09/06/2018,806.232
Office Supplies,09/07/2015,145.688
Office Supplies,09/07/2016,670.202
Office Supplies,09/07/2018,886.784
Office Supplies,09/08/2015,2116.965
Office Supplies,09/08/2016,1586.786
Office Supplies,09/08/2017,616.5699999999999
Office Supplies,09/09/2015,1679.3539999999998
Office Supplies,09/09/2017,69.984
Office Supplies,09/09/2018,1427.003
Office Supplies,09/10/2015,233.368
Office Supplies,09/10/2016,462.495
Office Supplies,09/10/2017,20.544
Office Supplies,09/10/2018,163.19600000000003
Office Supplies,09/11/2015,590.94
Office Supplies,09/11/2016,360.082
Office Supplies,09/11/2018,2250.7200000000003
Office Supplies,09/12/2015,442.676
Office Supplies,09/12/2016,34.02
Office Supplies,09/12/2017,588.049
Office Supplies,09/12/2018,1447.079
Office Supplies,10/01/2015,2.89
Office Supplies,10/02/2016,77.24
Office Supplies,10/02/2018,23.12
Office Supplies,10/03/2015,741.956
Office Supplies,10/03/2016,90.93199999999999
Office Supplies,10/03/2017,119.596
Office Supplies,10/03/2018,67.124
Office Supplies,10/04/2016,169.54199999999997
Office Supplies,10/04/2017,950.594
Office Supplies,10/04/2018,510.81100000000004
Office Supplies,10/05/2015,261.45
Office Supplies,10/05/2016,107.75399999999999
Office Supplies,10/05/2017,19.032
Office Supplies,10/06/2015,491.55
Office Supplies,10/06/2017,76.71600000000001
Office Supplies,10/06/2018,1497.9219999999998
Office Supplies,10/07/2016,43.286
Office Supplies,10/07/2017,553.9040000000001
Office Supplies,10/07/2018,340.374
Office Supplies,10/08/2016,273.16200000000003
Office Supplies,10/08/2018,247.27999999999997
Office Supplies,10/09/2015,113.28800000000001
Office Supplies,10/09/2016,767.2
Office Supplies,10/09/2017,553.754
Office Supplies,10/09/2018,1290.5240000000001
Office Supplies,10/10/2015,302.272
Office Supplies,10/10/2016,1855.008
Office Supplies,10/10/2017,24.703
Office Supplies,10/11/2015,733.01
Office Supplies,10/11/2016,2877.794
Office Supplies,10/11/2017,2113.758
Office Supplies,10/11/2018,1444.8280000000002
Office Supplies,10/12/2015,234.98399999999998
Office Supplies,10/12/2016,481.118
Office Supplies,10/12/2017,1662.012
Office Supplies,10/12/2018,973.235
Office Supplies,11/01/2017,78.864
Office Supplies,11/02/2015,158.89999999999998
Office Supplies,11/02/2018,42.036
Office Supplies,11/03/2015,289.064
Office Supplies,11/03/2017,498.78
Office Supplies,11/03/2018,951.4939999999999
Office Supplies,11/04/2015,113.94399999999999
Office Supplies,11/04/2016,459.36
Office Supplies,11/04/2018,92.736
Office Supplies,11/05/2015,157.962
Office Supplies,11/05/2017,5.98
Office Supplies,11/05/2018,231.494
Office Supplies,11/06/2016,1868.528
Office Supplies,11/06/2017,78.22
Office Supplies,11/06/2018,739.8820000000001
Office Supplies,11/07/2015,269.368
Office Supplies,11/07/2016,369.48400000000004
Office Supplies,11/07/2018,236.89000000000001
Office Supplies,11/08/2015,439.27
Office Supplies,11/08/2016,11.96
Office Supplies,11/08/2017,151.82
Office Supplies,11/08/2018,555.1419999999999
Office Supplies,11/09/2016,1697.8999999999999
Office Supplies,11/09/2017,501.032
Office Supplies,11/09/2018,2529.2000000000003
Office Supplies,11/10/2015,530.206
Office Supplies,11/10/2016,22.368
Office Supplies,11/10/2017,33.064
Office Supplies,11/11/2015,4137.856
Office Supplies,11/11/2016,542.178
Office Supplies,11/11/2017,1021.7280000000001
Office Supplies,11/11/2018,1656.194
Office Supplies,11/12/2016,529.748
Office Supplies,11/12/2017,1451.6
Office Supplies,11/12/2018,100.816
Office Supplies,12/01/2016,475.548
Office Supplies,12/01/2018,810.84
Office Supplies,12/02/2017,1366.04
Office Supplies,12/03/2016,13.728000000000002
Office Supplies,12/03/2017,924.29
Office Supplies,12/03/2018,283.35
Office Supplies,12/04/2015,50.488
Office Supplies,12/04/2017,365.97
Office Supplies,12/04/2018,69.66
Office Supplies,12/05/2016,217.64600000000002
Office Supplies,12/05/2017,156.898
Office Supplies,12/05/2018,554.654
Office Supplies,12/06/2016,75.196
Office Supplies,12/06/2017,1453.148
Office Supplies,12/06/2018,206.948
Office Supplies,12/07/2015,346.39
Office Supplies,12/07/2016,8.84
Office Supplies,12/07/2018,3.816
Office Supplies,12/08/2015,495.026
Office Supplies,12/08/2017,1634.812
Office Supplies,12/08/2018,1140.7
Office Supplies,12/09/2015,936.202
Office Supplies,12/09/2016,205.86
Office Supplies,12/09/2017,196.268
Office Supplies,12/09/2018,483.19
Office Supplies,12/10/2015,58.53
Office Supplies,12/10/2016,166.26
Office Supplies,12/10/2018,223.828
Office Supplies,12/11/2015,125.08
Office Supplies,12/11/2016,357.144
Office Supplies,12/11/2017,520.626
Office Supplies,12/11/2018,1375.124
Office Supplies,12/12/2015,242.804
Office Supplies,12/12/2016,611.1179999999999
Office Supplies,12/12/2017,165.09300000000002
Office Supplies,13/01/2015,2027.116
Office Supplies,13/01/2016,79.828
Office Supplies,13/01/2018,4406.39
Office Supplies,13/02/2017,146.82
Office Supplies,13/02/2018,150.94
Office Supplies,13/03/2017,6194.303
Office Supplies,13/03/2018,2833.674
Office Supplies,13/04/2015,566.648
Office Supplies,13/04/2016,202.81400000000002
Office Supplies,13/04/2017,6.12
Office Supplies,13/04/2018,909.1199999999999
Office Supplies,13/05/2015,468.95599999999996
Office Supplies,13/05/2016,16.0
Office Supplies,13/05/2018,2019.978
Office Supplies,13/06/2015,14.52
Office Supplies,13/06/2016,160.948
Office Supplies,13/06/2017,52.467999999999996
Office Supplies,13/06/2018,346.596
Office Supplies,13/07/2016,102.21600000000001
Office Supplies,13/07/2018,373.94
Office Supplies,13/08/2016,555.336
Office Supplies,13/08/2017,417.584
Office Supplies,13/08/2018,2185.9480000000003
Office Supplies,13/09/2015,206.162
Office Supplies,13/09/2016,93.25800000000001
Office Supplies,13/09/2017,858.3699999999999
Office Supplies,13/09/2018,15.92
Office Supplies,13/10/2015,618.9119999999999
Office Supplies,13/10/2017,440.932
Office Supplies,13/10/2018,6648.882
Office Supplies,13/11/2016,560.3720000000001
Office Supplies,13/11/2017,611.0980000000001
Office Supplies,13/11/2018,1971.528
Office Supplies,13/12/2015,110.764
Office Supplies,13/12/2016,243.92000000000002
Office Supplies,13/12/2017,15.936
Office Supplies,13/12/2018,91.92000000000002
Office Supplies,14/01/2017,89.568
Office Supplies,14/01/2018,408.37
Office Supplies,14/02/2015,336.756
Office Supplies,14/02/2016,58.013999999999996
Office Supplies,14/02/2017,276.93
Office Supplies,14/03/2015,310.91999999999996
Office Supplies,14/03/2016,707.9000000000001
Office Supplies,14/03/2017,192.632
Office Supplies,14/04/2016,35.208
Office Supplies,14/04/2017,149.236
Office Supplies,14/04/2018,137.856
Office Supplies,14/05/2016,1688.412
Office Supplies,14/05/2017,117.226
Office Supplies,14/05/2018,964.53
Office Supplies,14/06/2017,55.616
Office Supplies,14/07/2015,184.856
Office Supplies,14/07/2016,291.23199999999997
Office Supplies,14/07/2017,548.09
Office Supplies,14/07/2018,405.192
Office Supplies,14/08/2017,31.092
Office Supplies,14/08/2018,22.439999999999998
Office Supplies,14/09/2015,1289.0159999999998
Office Supplies,14/09/2016,1299.55
Office Supplies,14/09/2017,699.4879999999999
Office Supplies,14/09/2018,1307.08
Office Supplies,14/10/2015,719.7040000000001
Office Supplies,14/10/2017,291.91200000000003
Office Supplies,14/10/2018,78.512
Office Supplies,14/11/2015,132.536
Office Supplies,14/11/2016,925.75
Office Supplies,14/11/2017,113.596
Office Supplies,14/11/2018,225.19799999999998
Office Supplies,14/12/2015,19.887999999999998
Office Supplies,14/12/2016,68.15599999999999
Office Supplies,14/12/2017,216.93
Office Supplies,14/12/2018,320.73199999999997
Office Supplies,15/01/2017,265.156
Office Supplies,15/01/2018,2029.7040000000002
Office Supplies,15/02/2015,21.36
Office Supplies,15/02/2016,627.4800000000001
Office Supplies,15/02/2017,407.072
Office Supplies,15/03/2015,325.086
Office Supplies,15/03/2017,369.984
Office Supplies,15/04/2015,106.96
Office Supplies,15/04/2017,379.58399999999995
Office Supplies,15/04/2018,135.888
Office Supplies,15/05/2016,69.908
Office Supplies,15/05/2017,648.9119999999999
Office Supplies,15/05/2018,77.008
Office Supplies,15/06/2015,45.111999999999995
Office Supplies,15/06/2016,91.93599999999999
Office Supplies,15/06/2017,173.488
Office Supplies,15/06/2018,481.454
Office Supplies,15/07/2015,6.54
Office Supplies,15/07/2017,149.92
Office Supplies,15/07/2018,242.8
Office Supplies,15/08/2015,337.5
Office Supplies,15/08/2016,393.36
Office Supplies,15/08/2017,199.82
Office Supplies,15/08/2018,1949.872
Office Supplies,15/09/2015,14.94
Office Supplies,15/09/2016,498.996
Office Supplies,15/09/2017,972.792
Office Supplies,15/09/2018,3482.828
Office Supplies,15/10/2015,7.968
Office Supplies,15/10/2016,13.768
Office Supplies,15/10/2017,1614.65
Office Supplies,15/10/2018,484.98
Office Supplies,15/11/2015,998.2419999999998
Office Supplies,15/11/2016,662.21
Office Supplies,15/11/2017,1054.928
Office Supplies,15/12/2016,158.512
Office Supplies,15/12/2017,405.192
Office Supplies,15/12/2018,87.342
Office Supplies,16/01/2015,48.66
Office Supplies,16/01/2017,11.648
Office Supplies,16/01/2018,5500.03
Office Supplies,16/02/2015,9.04
Office Supplies,16/02/2016,160.43
Office Supplies,16/02/2017,110.02399999999999
Office Supplies,16/02/2018,714.202
Office Supplies,16/03/2016,6929.219999999999
Office Supplies,16/03/2018,653.341
Office Supplies,16/04/2015,39.072
Office Supplies,16/04/2016,142.138
Office Supplies,16/04/2017,190.028
Office Supplies,16/04/2018,815.616
Office Supplies,16/05/2017,597.6199999999999
Office Supplies,16/05/2018,221.024
Office Supplies,16/06/2015,115.952
Office Supplies,16/06/2016,3112.552
Office Supplies,16/06/2017,55.8
Office Supplies,16/06/2018,471.352
Office Supplies,16/07/2016,229.65
Office Supplies,16/07/2017,186.28
Office Supplies,16/07/2018,2.912
Office Supplies,16/08/2016,392.18199999999996
Office Supplies,16/08/2017,43.26
Office Supplies,16/08/2018,80.564
Office Supplies,16/09/2015,33.552
Office Supplies,16/09/2016,31.12
Office Supplies,16/09/2017,30.44
Office Supplies,16/09/2018,633.1859999999999
Office Supplies,16/10/2015,14.352
Office Supplies,16/10/2018,432.526
Office Supplies,16/11/2015,658.73
Office Supplies,16/11/2016,743.458
Office Supplies,16/11/2017,36.72
Office Supplies,16/11/2018,1225.466
Office Supplies,16/12/2015,153.639
Office Supplies,16/12/2016,4.98
Office Supplies,16/12/2017,43.412000000000006
Office Supplies,16/12/2018,321.09
Office Supplies,17/01/2016,95.63999999999999
Office Supplies,17/02/2015,54.208
Office Supplies,17/02/2018,359.36499999999995
Office Supplies,17/03/2015,695.1279999999999
Office Supplies,17/03/2016,33.82
Office Supplies,17/03/2017,1174.0700000000002
Office Supplies,17/03/2018,294.386
Office Supplies,17/04/2016,1538.176
Office Supplies,17/04/2017,29.05
Office Supplies,17/04/2018,327.92
Office Supplies,17/05/2015,91.68
Office Supplies,17/05/2016,47.368
Office Supplies,17/05/2017,151.074
Office Supplies,17/06/2015,3284.2760000000003
Office Supplies,17/06/2017,718.52
Office Supplies,17/06/2018,235.582
Office Supplies,17/07/2016,20.696
Office Supplies,17/07/2017,1101.526
Office Supplies,17/07/2018,200.76
Office Supplies,17/08/2015,160.382
Office Supplies,17/08/2016,98.76
Office Supplies,17/08/2017,15.712
Office Supplies,17/08/2018,4377.0380000000005
Office Supplies,17/09/2015,651.354
Office Supplies,17/09/2016,493.99399999999997
Office Supplies,17/09/2017,600.1
Office Supplies,17/09/2018,658.206
Office Supplies,17/10/2015,10.78
Office Supplies,17/10/2016,77.88
Office Supplies,17/10/2017,2261.73
Office Supplies,17/10/2018,73.56
Office Supplies,17/11/2015,6174.214
Office Supplies,17/11/2016,1802.99
Office Supplies,17/11/2017,75.508
Office Supplies,17/11/2018,1722.21
Office Supplies,17/12/2015,45.534
Office Supplies,17/12/2016,536.866
Office Supplies,17/12/2017,10016.014
Office Supplies,17/12/2018,1398.498
Office Supplies,18/01/2015,64.864
Office Supplies,18/02/2015,12.624
Office Supplies,18/02/2016,70.3
Office Supplies,18/02/2018,9.82
Office Supplies,18/03/2015,1904.518
Office Supplies,18/03/2017,871.8
Office Supplies,18/03/2018,379.874
Office Supplies,18/04/2015,187.53
Office Supplies,18/04/2016,1363.464
Office Supplies,18/04/2017,2012.7259999999999
Office Supplies,18/05/2015,15.936
Office Supplies,18/05/2016,10.86
Office Supplies,18/05/2017,122.22
Office Supplies,18/05/2018,902.076
Office Supplies,18/06/2016,635.781
Office Supplies,18/06/2017,541.938
Office Supplies,18/06/2018,113.232
Office Supplies,18/07/2015,13.904
Office Supplies,18/07/2016,5.76
Office Supplies,18/07/2017,1281.12
Office Supplies,18/07/2018,32.936
Office Supplies,18/08/2017,441.228
Office Supplies,18/08/2018,4472.954
Office Supplies,18/09/2016,1422.88
Office Supplies,18/09/2017,1292.3580000000002
Office Supplies,18/09/2018,872.79
Office Supplies,18/10/2015,588.746
Office Supplies,18/10/2016,91.104
Office Supplies,18/11/2015,665.571
Office Supplies,18/11/2017,1425.712
Office Supplies,18/11/2018,1109.32
Office Supplies,18/12/2016,748.728
Office Supplies,18/12/2017,4813.818
Office Supplies,18/12/2018,2115.91
Office Supplies,19/01/2015,197.124
Office Supplies,19/01/2018,664.876
Office Supplies,19/02/2017,348.2
Office Supplies,19/02/2018,1269.9199999999998
Office Supplies,19/03/2015,71.538
Office Supplies,19/03/2016,1600.384
Office Supplies,19/03/2017,31.086
Office Supplies,19/03/2018,472.214
Office Supplies,19/04/2015,129.32999999999998
Office Supplies,19/04/2016,329.96
Office Supplies,19/04/2017,1143.016
Office Supplies,19/05/2015,91.62
Office Supplies,19/05/2017,864.3679999999999
Office Supplies,19/05/2018,1108.57
Office Supplies,19/06/2016,433.786
Office Supplies,19/06/2017,17.12
Office Supplies,19/06/2018,418.35999999999996
Office Supplies,19/07/2015,30.786
Office Supplies,19/07/2016,2.025
Office Supplies,19/07/2017,420.02000000000004
Office Supplies,19/08/2015,511.04600000000005
Office Supplies,19/08/2017,448.792
Office Supplies,19/08/2018,512.446
Office Supplies,19/09/2015,172.694
Office Supplies,19/09/2016,31.36
Office Supplies,19/09/2017,1990.038
Office Supplies,19/09/2018,262.954
Office Supplies,19/10/2015,201.97599999999997
Office Supplies,19/10/2016,1715.14
Office Supplies,19/10/2018,1924.452
Office Supplies,19/11/2015,639.02
Office Supplies,19/11/2016,37.064
Office Supplies,19/11/2017,532.2139999999999
Office Supplies,19/11/2018,4762.139
Office Supplies,19/12/2015,250.156
Office Supplies,19/12/2016,691.908
Office Supplies,19/12/2017,55.221999999999994
Office Supplies,19/12/2018,1780.548
Office Supplies,20/01/2015,560.4300000000001
Office Supplies,20/01/2018,39.239999999999995
Office Supplies,20/02/2015,12.96
Office Supplies,20/02/2016,286.79
Office Supplies,20/02/2017,16.496
Office Supplies,20/02/2018,90.91
Office Supplies,20/03/2016,102.52000000000001
Office Supplies,20/03/2017,47.925000000000004
Office Supplies,20/03/2018,392.728
Office Supplies,20/04/2015,44.84
Office Supplies,20/04/2016,311.37600000000003
Office Supplies,20/04/2018,583.22
Office Supplies,20/05/2015,149.128
Office Supplies,20/05/2016,6.408
Office Supplies,20/05/2017,58.753
Office Supplies,20/05/2018,1005.998
Office Supplies,20/06/2015,1015.5
Office Supplies,20/06/2017,840.6220000000001
Office Supplies,20/06/2018,134.348
Office Supplies,20/07/2015,1202.714
Office Supplies,20/07/2016,410.01
Office Supplies,20/07/2018,1353.822
Office Supplies,20/08/2015,917.11
Office Supplies,20/08/2018,549.11
Office Supplies,20/09/2015,213.368
Office Supplies,20/09/2016,1836.052
Office Supplies,20/09/2017,952.644
Office Supplies,20/09/2018,113.824
Office Supplies,20/10/2015,852.546
Office Supplies,20/10/2016,24.56
Office Supplies,20/10/2017,123.572
Office Supplies,20/10/2018,989.574
Office Supplies,20/11/2015,73.62
Office Supplies,20/11/2016,637.738
Office Supplies,20/11/2017,620.623
Office Supplies,20/11/2018,274.48199999999997
Office Supplies,20/12/2015,2337.266
Office Supplies,20/12/2016,217.286
Office Supplies,20/12/2017,49.32
Office Supplies,20/12/2018,377.736
Office Supplies,21/01/2018,1145.78
Office Supplies,21/02/2015,8.85
Office Supplies,21/02/2016,2591.1
Office Supplies,21/02/2017,1266.406
Office Supplies,21/03/2015,358.558
Office Supplies,21/03/2016,1270.3790000000001
Office Supplies,21/03/2017,17.904
Office Supplies,21/03/2018,1504.616
Office Supplies,21/04/2015,845.36
Office Supplies,21/04/2016,21.3
Office Supplies,21/04/2017,271.616
Office Supplies,21/04/2018,123.628
Office Supplies,21/05/2015,3538.586
Office Supplies,21/05/2016,72.332
Office Supplies,21/05/2017,200.378
Office Supplies,21/05/2018,17.97
Office Supplies,21/06/2015,255.92000000000002
Office Supplies,21/06/2017,223.54000000000002
Office Supplies,21/06/2018,577.736
Office Supplies,21/07/2015,193.156
Office Supplies,21/07/2017,627.175
Office Supplies,21/07/2018,841.748
Office Supplies,21/08/2016,1050.944
Office Supplies,21/08/2017,143.856
Office Supplies,21/08/2018,5748.554
Office Supplies,21/09/2015,384.77
Office Supplies,21/09/2016,1431.87
Office Supplies,21/09/2018,186.212
Office Supplies,21/10/2015,355.69199999999995
Office Supplies,21/10/2017,5470.687999999999
Office Supplies,21/10/2018,1268.655
Office Supplies,21/11/2015,849.682
Office Supplies,21/11/2016,506.054
Office Supplies,21/11/2017,145.82
Office Supplies,21/11/2018,382.64
Office Supplies,21/12/2015,35.519999999999996
Office Supplies,21/12/2016,151.208
Office Supplies,21/12/2018,1772.05
Office Supplies,22/01/2017,176.77
Office Supplies,22/01/2018,1212.422
Office Supplies,22/02/2015,19.44
Office Supplies,22/02/2016,79.36
Office Supplies,22/02/2017,500.96999999999997
Office Supplies,22/03/2015,149.741
Office Supplies,22/03/2016,419.168
Office Supplies,22/04/2015,257.752
Office Supplies,22/04/2016,64.14
Office Supplies,22/04/2017,351.095
Office Supplies,22/04/2018,675.06
Office Supplies,22/05/2016,113.05000000000001
Office Supplies,22/05/2017,704.45
Office Supplies,22/05/2018,86.116
Office Supplies,22/06/2015,671.976
Office Supplies,22/06/2016,1222.528
Office Supplies,22/06/2018,91.059
Office Supplies,22/07/2015,300.292
Office Supplies,22/07/2017,1219.03
Office Supplies,22/08/2015,23.104
Office Supplies,22/08/2016,66.632
Office Supplies,22/08/2017,307.022
Office Supplies,22/09/2015,563.298
Office Supplies,22/09/2016,912.948
Office Supplies,22/09/2017,253.454
Office Supplies,22/09/2018,5854.139
Office Supplies,22/10/2016,15.128
Office Supplies,22/10/2017,15.02
Office Supplies,22/10/2018,468.27799999999996
Office Supplies,22/11/2015,1103.298
Office Supplies,22/11/2016,347.384
Office Supplies,22/11/2017,253.132
Office Supplies,22/11/2018,35.712
Office Supplies,22/12/2015,798.968
Office Supplies,22/12/2016,50.688
Office Supplies,22/12/2017,112.264
Office Supplies,22/12/2018,1851.8129999999999
Office Supplies,23/01/2015,40.08
Office Supplies,23/01/2016,43.66
Office Supplies,23/01/2017,1572.33
Office Supplies,23/01/2018,57.018
Office Supplies,23/02/2015,11.364
Office Supplies,23/02/2016,37.775999999999996
Office Supplies,23/02/2017,57.576
Office Supplies,23/02/2018,45.839999999999996
Office Supplies,23/03/2015,340.31199999999995
Office Supplies,23/03/2016,285.56
Office Supplies,23/03/2018,604.268
Office Supplies,23/04/2015,58.9
Office Supplies,23/04/2017,620.378
Office Supplies,23/04/2018,431.222
Office Supplies,23/05/2015,268.57
Office Supplies,23/05/2016,1229.626
Office Supplies,23/05/2017,21.642
Office Supplies,23/05/2018,70.14800000000001
Office Supplies,23/06/2015,23.119999999999997
Office Supplies,23/06/2016,171.41
Office Supplies,23/06/2017,1612.75
Office Supplies,23/07/2015,58.1
Office Supplies,23/07/2016,79.452
Office Supplies,23/07/2017,273.976
Office Supplies,23/07/2018,338.488
Office Supplies,23/08/2015,417.36
Office Supplies,23/08/2016,950.368
Office Supplies,23/08/2017,2126.056
Office Supplies,23/08/2018,219.664
Office Supplies,23/09/2015,10142.354000000001
Office Supplies,23/09/2017,207.719
Office Supplies,23/09/2018,1011.1759999999999
Office Supplies,23/10/2016,140.744
Office Supplies,23/10/2017,451.26599999999996
Office Supplies,23/10/2018,380.07400000000007
Office Supplies,23/11/2015,180.646
Office Supplies,23/11/2016,3142.2079999999996
Office Supplies,23/11/2017,15.8
Office Supplies,23/11/2018,445.964
Office Supplies,23/12/2015,824.008
Office Supplies,23/12/2016,194.32
Office Supplies,23/12/2017,1589.751
Office Supplies,23/12/2018,1149.692
Office Supplies,24/01/2016,13.12
Office Supplies,24/01/2017,31.36
Office Supplies,24/01/2018,308.31399999999996
Office Supplies,24/02/2015,55.672
Office Supplies,24/02/2018,128.876
Office Supplies,24/03/2015,24.9
Office Supplies,24/03/2016,6.992
Office Supplies,24/03/2017,41.135999999999996
Office Supplies,24/03/2018,281.698
Office Supplies,24/04/2016,25.99
Office Supplies,24/04/2017,22.644
Office Supplies,24/04/2018,306.578
Office Supplies,24/05/2015,116.28
Office Supplies,24/05/2016,7.656
Office Supplies,24/05/2017,277.756
Office Supplies,24/06/2017,355.002
Office Supplies,24/06/2018,735.23
Office Supplies,24/07/2016,225.15
Office Supplies,24/07/2017,73.2
Office Supplies,24/08/2015,46.46
Office Supplies,24/08/2016,2175.804
Office Supplies,24/08/2018,685.0560000000002
Office Supplies,24/09/2015,211.96
Office Supplies,24/09/2016,1359.8439999999998
Office Supplies,24/09/2017,1354.848
Office Supplies,24/09/2018,438.578
Office Supplies,24/10/2015,56.49
Office Supplies,24/10/2016,29.512
Office Supplies,24/10/2017,15.552
Office Supplies,24/10/2018,11.68
Office Supplies,24/11/2015,1878.92
Office Supplies,24/11/2016,1125.024
Office Supplies,24/11/2017,1538.086
Office Supplies,24/11/2018,2832.945
Office Supplies,24/12/2015,548.698
Office Supplies,24/12/2016,428.67
Office Supplies,24/12/2017,641.0899999999999
Office Supplies,24/12/2018,1479.638
Office Supplies,25/01/2017,499.01
Office Supplies,25/02/2016,25.869999999999997
Office Supplies,25/02/2017,46.72
Office Supplies,25/02/2018,1.788
Office Supplies,25/03/2015,46.879999999999995
Office Supplies,25/03/2017,59.52
Office Supplies,25/03/2018,418.978
Office Supplies,25/04/2015,287.32800000000003
Office Supplies,25/04/2016,792.888
Office Supplies,25/04/2017,25.62
Office Supplies,25/04/2018,225.16199999999998
Office Supplies,25/05/2015,90.22
Office Supplies,25/05/2016,1049.664
Office Supplies,25/05/2017,1287.01
Office Supplies,25/05/2018,747.186
Office Supplies,25/06/2015,80.96000000000001
Office Supplies,25/06/2016,576.846
Office Supplies,25/06/2017,353.25
Office Supplies,25/06/2018,87.688
Office Supplies,25/07/2015,8263.369999999999
Office Supplies,25/07/2016,146.016
Office Supplies,25/07/2017,542.624
Office Supplies,25/07/2018,341.942
Office Supplies,25/08/2015,342.326
Office Supplies,25/08/2016,109.758
Office Supplies,25/08/2018,231.008
Office Supplies,25/09/2015,54.356
Office Supplies,25/09/2016,350.579
Office Supplies,25/09/2017,742.622
Office Supplies,25/09/2018,486.517
Office Supplies,25/10/2015,63.106
Office Supplies,25/10/2016,139.81
Office Supplies,25/11/2015,1548.136
Office Supplies,25/11/2016,13.12
Office Supplies,25/11/2017,1115.728
Office Supplies,25/11/2018,686.928
Office Supplies,25/12/2016,653.564
Office Supplies,25/12/2017,205.13799999999998
Office Supplies,25/12/2018,1465.265
Office Supplies,26/01/2015,536.72
Office Supplies,26/01/2016,182.72
Office Supplies,26/01/2018,52.629999999999995
Office Supplies,26/02/2018,685.75
Office Supplies,26/03/2015,50.046
Office Supplies,26/03/2016,114.384
Office Supplies,26/03/2017,562.27
Office Supplies,26/03/2018,217.342
Office Supplies,26/04/2015,52.288
Office Supplies,26/04/2016,185.28
Office Supplies,26/04/2018,59.620000000000005
Office Supplies,26/05/2015,164.416
Office Supplies,26/05/2016,184.224
Office Supplies,26/05/2017,338.856
Office Supplies,26/05/2018,247.16
Office Supplies,26/06/2016,245.476
Office Supplies,26/06/2017,1549.2240000000002
Office Supplies,26/06/2018,1304.2
Office Supplies,26/07/2015,2494.526
Office Supplies,26/07/2016,299.34000000000003
Office Supplies,26/08/2015,29.36
Office Supplies,26/08/2017,383.238
Office Supplies,26/08/2018,53.72
Office Supplies,26/09/2015,571.334
Office Supplies,26/09/2016,1378.289
Office Supplies,26/09/2017,538.71
Office Supplies,26/09/2018,1058.2
Office Supplies,26/10/2016,1221.029
Office Supplies,26/10/2018,442.836
Office Supplies,26/11/2015,968.3940000000001
Office Supplies,26/11/2016,191.62
Office Supplies,26/11/2017,419.571
Office Supplies,26/11/2018,463.89
Office Supplies,26/12/2015,688.256
Office Supplies,26/12/2016,234.83999999999997
Office Supplies,26/12/2017,175.06
Office Supplies,26/12/2018,814.5939999999999
Office Supplies,27/01/2015,93.66999999999999
Office Supplies,27/01/2018,14.016
Office Supplies,27/02/2015,19.456
Office Supplies,27/02/2016,20.451
Office Supplies,27/02/2017,227.7
Office Supplies,27/03/2016,83.7
Office Supplies,27/03/2017,32.54
Office Supplies,27/03/2018,545.1800000000001
Office Supplies,27/04/2016,72.14
Office Supplies,27/04/2018,216.73000000000002
Office Supplies,27/05/2015,376.78
Office Supplies,27/05/2017,1769.4180000000001
Office Supplies,27/05/2018,604.91
Office Supplies,27/06/2015,306.2
Office Supplies,27/06/2017,37.464
Office Supplies,27/06/2018,39.510000000000005
Office Supplies,27/07/2015,342.05999999999995
Office Supplies,27/07/2018,39.16
Office Supplies,27/08/2015,44.64
Office Supplies,27/08/2016,639.9739999999999
Office Supplies,27/08/2017,463.326
Office Supplies,27/08/2018,1804.956
Office Supplies,27/09/2015,81.98
Office Supplies,27/09/2016,486.79
Office Supplies,27/09/2017,34.737
Office Supplies,27/10/2015,22.32
Office Supplies,27/10/2017,219.96599999999998
Office Supplies,27/10/2018,145.095
Office Supplies,27/11/2015,3.76
Office Supplies,27/11/2016,404.77
Office Supplies,27/11/2017,457.084
Office Supplies,27/11/2018,1185.016
Office Supplies,27/12/2015,1255.5900000000001
Office Supplies,27/12/2016,1305.924
Office Supplies,27/12/2017,74.00200000000001
Office Supplies,27/12/2018,13.248
Office Supplies,28/01/2015,3.928
Office Supplies,28/01/2017,39.68
Office Supplies,28/01/2018,279.9
Office Supplies,28/02/2017,147.584
Office Supplies,28/02/2018,17.62
Office Supplies,28/03/2015,6.12
Office Supplies,28/03/2016,77.104
Office Supplies,28/03/2017,125.30000000000001
Office Supplies,28/03/2018,923.942
Office Supplies,28/04/2015,738.5360000000001
Office Supplies,28/04/2016,4044.3619999999996
Office Supplies,28/04/2017,45.184
Office Supplies,28/04/2018,43.312
Office Supplies,28/05/2015,136.96
Office Supplies,28/05/2016,748.156
Office Supplies,28/05/2017,770.652
Office Supplies,28/05/2018,158.118
Office Supplies,28/06/2015,417.32599999999996
Office Supplies,28/06/2016,21.456
Office Supplies,28/06/2017,395.22
Office Supplies,28/07/2015,63.264
Office Supplies,28/07/2017,1528.504
Office Supplies,28/07/2018,24.964
Office Supplies,28/08/2016,2132.8900000000003
Office Supplies,28/08/2017,57.076
Office Supplies,28/08/2018,270.714
Office Supplies,28/09/2015,153.20399999999998
Office Supplies,28/09/2016,713.5999999999999
Office Supplies,28/09/2017,99.136
Office Supplies,28/09/2018,462.871
Office Supplies,28/10/2015,635.604
Office Supplies,28/10/2016,47.300000000000004
Office Supplies,28/10/2017,1485.277
Office Supplies,28/10/2018,280.59799999999996
Office Supplies,28/11/2015,333.118
Office Supplies,28/11/2016,590.616
Office Supplies,28/11/2017,2456.018
Office Supplies,28/11/2018,273.914
Office Supplies,28/12/2015,2682.326
Office Supplies,28/12/2016,24.816
Office Supplies,28/12/2018,1091.244
Office Supplies,29/01/2018,158.642
Office Supplies,29/03/2016,318.99
Office Supplies,29/03/2017,130.136
Office Supplies,29/03/2018,81.4
Office Supplies,29/04/2015,117.86
Office Supplies,29/04/2016,7.968
Office Supplies,29/04/2018,4.91
Office Supplies,29/05/2016,761.16
Office Supplies,29/05/2017,38.475
Office Supplies,29/05/2018,619.444
Office Supplies,29/06/2015,46.68
Office Supplies,29/06/2016,24.96
Office Supplies,29/06/2017,191.88
Office Supplies,29/06/2018,3078.388
Office Supplies,29/07/2017,819.154
Office Supplies,29/07/2018,273.332
Office Supplies,29/08/2015,658.264
Office Supplies,29/08/2017,108.41199999999999
Office Supplies,29/08/2018,87.44800000000001
Office Supplies,29/09/2015,4269.362
Office Supplies,29/09/2017,202.382
Office Supplies,29/09/2018,716.606
Office Supplies,29/10/2015,75.88
Office Supplies,29/10/2016,244.24
Office Supplies,29/10/2017,64.154
Office Supplies,29/10/2018,46.96
Office Supplies,29/11/2015,73.124
Office Supplies,29/11/2016,1329.818
Office Supplies,29/12/2015,505.25199999999995
Office Supplies,29/12/2017,452.67
Office Supplies,29/12/2018,282.44
Office Supplies,30/01/2015,240.5
Office Supplies,30/01/2016,14.304
Office Supplies,30/01/2017,557.5
Office Supplies,30/01/2018,290.524
Office Supplies,30/03/2015,585.4100000000001
Office Supplies,30/03/2016,23.52
Office Supplies,30/03/2017,11.34
Office Supplies,30/03/2018,397.415
Office Supplies,30/04/2015,1000.95
Office Supplies,30/04/2016,41.129999999999995
Office Supplies,30/04/2017,7.712
Office Supplies,30/04/2018,400.826
Office Supplies,30/05/2015,385.48199999999997
Office Supplies,30/05/2016,160.32
Office Supplies,30/05/2017,1436.692
Office Supplies,30/05/2018,76.51
Office Supplies,30/06/2015,739.624
Office Supplies,30/06/2017,35.97
Office Supplies,30/06/2018,1614.732
Office Supplies,30/07/2016,72.712
Office Supplies,30/07/2017,1770.7759999999998
Office Supplies,30/07/2018,433.426
Office Supplies,30/08/2015,121.24
Office Supplies,30/08/2017,192.22799999999998
Office Supplies,30/09/2015,972.292
Office Supplies,30/09/2017,1.964
Office Supplies,30/09/2018,380.78
Office Supplies,30/10/2016,182.91
Office Supplies,30/10/2017,159.002
Office Supplies,30/10/2018,2133.092
Office Supplies,30/11/2015,116.914
Office Supplies,30/11/2016,410.797
Office Supplies,30/11/2017,543.98
Office Supplies,30/11/2018,1417.566
Office Supplies,30/12/2015,774.611
Office Supplies,30/12/2016,414.9
Office Supplies,30/12/2017,602.988
Office Supplies,30/12/2018,299.724
Office Supplies,31/01/2016,45.92
Office Supplies,31/01/2017,1491.962
Office Supplies,31/03/2015,754.0799999999999
Office Supplies,31/03/2016,98.376
Office Supplies,31/03/2018,250.488
Office Supplies,31/05/2016,1121.398
Office Supplies,31/05/2017,36.016
Office Supplies,31/07/2016,72.03
Office Supplies,31/07/2017,283.14
Office Supplies,31/07/2018,1157.276
Office Supplies,31/08/2016,216.52
Office Supplies,31/08/2017,23.968
Office Supplies,31/08/2018,1243.954
Office Supplies,31/10/2015,703.164
Office Supplies,31/10/2016,1166.2
Office Supplies,31/10/2017,1484.7740000000001
Office Supplies,31/10/2018,15.16
Office Supplies,31/12/2015,308.72799999999995
Office Supplies,31/12/2016,1366.584
Office Supplies,31/12/2017,429.392
Technology,01/02/2015,468.9
Technology,01/03/2015,5.94
Technology,01/03/2016,111.824
Technology,01/03/2017,5059.914000000001
Technology,01/04/2017,48.11
Technology,01/04/2018,4823.96
Technology,01/05/2016,88.752
Technology,01/05/2018,48.9
Technology,01/06/2015,881.93
Technology,01/06/2016,341.88
Technology,01/06/2018,158.376
Technology,01/07/2015,575.92
Technology,01/07/2017,1530.79
Technology,01/08/2017,1039.728
Technology,01/08/2018,1807.926
Technology,01/09/2015,357.0
Technology,01/09/2016,959.984
Technology,01/09/2017,580.938
Technology,01/09/2018,19.99
Technology,01/10/2016,993.548
Technology,01/10/2017,149.412
Technology,01/10/2018,1809.64
Technology,01/11/2015,3118.784
Technology,01/11/2016,1987.15
Technology,01/11/2017,89.91199999999999
Technology,01/12/2015,1027.856
Technology,01/12/2017,1181.838
Technology,01/12/2018,1417.436
Technology,02/01/2016,1340.566
Technology,02/01/2017,231.98
Technology,02/01/2018,712.2900000000001
Technology,02/02/2015,180.96
Technology,02/02/2017,8749.95
Technology,02/02/2018,299.954
Technology,02/03/2018,676.716
Technology,02/04/2015,1049.93
Technology,02/04/2016,257.872
Technology,02/04/2018,360.0
Technology,02/05/2015,479.984
Technology,02/05/2016,158.376
Technology,02/05/2018,159.56
Technology,02/06/2015,239.97
Technology,02/06/2018,2.97
Technology,02/07/2015,73.98
Technology,02/07/2016,74.24
Technology,02/08/2015,21.2
Technology,02/08/2016,887.23
Technology,02/08/2017,333.576
Technology,02/09/2015,1275.63
Technology,02/09/2017,4626.2880000000005
Technology,02/09/2018,3974.784
Technology,02/10/2015,555.936
Technology,02/10/2016,647.0
Technology,02/10/2017,17499.95
Technology,02/10/2018,519.934
Technology,02/11/2015,1620.008
Technology,02/11/2016,792.634
Technology,02/11/2018,3109.1099999999997
Technology,02/12/2015,245.70999999999998
Technology,02/12/2017,795.5500000000001
Technology,02/12/2018,3758.066
Technology,03/01/2016,398.4
Technology,03/01/2017,376.64
Technology,03/02/2016,149.97
Technology,03/03/2015,9.99
Technology,03/03/2017,1376.406
Technology,03/03/2018,1149.42
Technology,03/04/2017,259.96
Technology,03/05/2016,367.512
Technology,03/05/2017,789.433
Technology,03/06/2018,2043.262
Technology,03/07/2018,5486.942
Technology,03/08/2017,167.28
Technology,03/08/2018,39.816
Technology,03/09/2016,247.83999999999997
Technology,03/09/2017,280.782
Technology,03/09/2018,385.77000000000004
Technology,03/10/2015,142.488
Technology,03/10/2016,71.98400000000001
Technology,03/10/2018,371.97
Technology,03/11/2015,873.9300000000001
Technology,03/11/2016,1302.818
Technology,03/11/2017,334.94100000000003
Technology,03/11/2018,1605.386
Technology,03/12/2015,479.96
Technology,03/12/2016,624.708
Technology,03/12/2017,1649.95
Technology,03/12/2018,364.07
Technology,04/01/2017,959.968
Technology,04/02/2017,90.48
Technology,04/03/2017,159.98
Technology,04/04/2015,99.98
Technology,04/04/2016,610.9300000000001
Technology,04/04/2017,239.94
Technology,04/04/2018,544.0799999999999
Technology,04/05/2016,946.344
Technology,04/05/2018,183.96
Technology,04/06/2016,1109.95
Technology,04/06/2017,1381.8339999999998
Technology,04/06/2018,71.984
Technology,04/07/2016,1099.96
Technology,04/07/2017,249.456
Technology,04/08/2015,655.38
Technology,04/08/2017,302.384
Technology,04/09/2016,754.326
Technology,04/09/2017,279.95
Technology,04/09/2018,159.736
Technology,04/10/2017,5452.59
Technology,04/11/2015,5742.232
Technology,04/11/2017,686.4
Technology,04/11/2018,9670.564
Technology,04/12/2015,129.98
Technology,04/12/2016,1950.0620000000001
Technology,04/12/2017,78.15
Technology,04/12/2018,1447.7179999999998
Technology,05/01/2017,250.656
Technology,05/02/2017,749.648
Technology,05/02/2018,371.2
Technology,05/03/2015,479.97
Technology,05/03/2016,532.3100000000001
Technology,05/03/2018,299.97
Technology,05/04/2015,28.99
Technology,05/04/2016,296.778
Technology,05/04/2017,118.782
Technology,05/05/2017,423.648
Technology,05/06/2018,470.376
Technology,05/07/2015,479.97
Technology,05/07/2016,34.8
Technology,05/07/2018,79.96
Technology,05/08/2015,152.35000000000002
Technology,05/08/2018,79.78
Technology,05/09/2017,546.784
Technology,05/09/2018,89.568
Technology,05/10/2015,99.98
Technology,05/10/2016,341.04
Technology,05/10/2018,5520.505999999999
Technology,05/11/2015,157.766
Technology,05/11/2017,837.638
Technology,05/11/2018,1143.488
Technology,05/12/2015,793.39
Technology,05/12/2016,86.98400000000001
Technology,05/12/2017,1234.4
Technology,05/12/2018,335.596
Technology,06/01/2015,1147.94
Technology,06/02/2015,306.56
Technology,06/02/2016,18.528
Technology,06/02/2018,227.46
Technology,06/03/2016,1119.984
Technology,06/03/2017,500.178
Technology,06/03/2018,206.384
Technology,06/04/2015,450.654
Technology,06/04/2016,25.488
Technology,06/04/2017,1294.75
Technology,06/05/2017,26.176
Technology,06/05/2018,1035.912
Technology,06/06/2017,4386.872
Technology,06/07/2015,559.992
Technology,06/07/2016,124.95
Technology,06/08/2015,262.89
Technology,06/08/2017,211.168
Technology,06/08/2018,824.95
Technology,06/09/2016,384.3
Technology,06/09/2017,361.444
Technology,06/10/2015,9.09
Technology,06/10/2017,771.6700000000001
Technology,06/10/2018,319.96
Technology,06/11/2018,125.91
Technology,06/12/2015,35.04
Technology,06/12/2016,3498.954
Technology,06/12/2017,1068.752
Technology,07/01/2018,3059.982
Technology,07/02/2015,115.36
Technology,07/02/2017,723.96
Technology,07/03/2016,707.82
Technology,07/03/2017,21.072
Technology,07/03/2018,49.08
Technology,07/04/2015,830.9200000000001
Technology,07/04/2016,383.952
Technology,07/04/2017,1199.976
Technology,07/04/2018,837.16
Technology,07/05/2017,4199.9
Technology,07/05/2018,499.934
Technology,07/07/2017,2859.954
Technology,07/07/2018,1480.684
Technology,07/08/2016,494.97
Technology,07/08/2017,179.97
Technology,07/08/2018,1187.0
Technology,07/09/2015,1158.2060000000001
Technology,07/09/2016,1441.894
Technology,07/09/2018,989.216
Technology,07/10/2017,837.6
Technology,07/10/2018,1546.958
Technology,07/11/2016,287.91
Technology,07/11/2017,1223.876
Technology,07/11/2018,1629.164
Technology,07/12/2016,773.94
Technology,07/12/2018,554.36
Technology,08/01/2017,108.784
Technology,08/02/2016,107.982
Technology,08/02/2017,1127.976
Technology,08/03/2016,769.95
Technology,08/03/2017,1500.496
Technology,08/04/2015,399.96
Technology,08/04/2017,431.928
Technology,08/05/2015,1799.97
Technology,08/05/2016,3177.9139999999998
Technology,08/05/2017,58.112
Technology,08/05/2018,3359.952
Technology,08/06/2016,2.376
Technology,08/06/2018,488.64
Technology,08/07/2017,1795.584
Technology,08/07/2018,191.9
Technology,08/08/2015,2591.882
Technology,08/09/2015,8680.728000000001
Technology,08/09/2017,152.712
Technology,08/09/2018,948.016
Technology,08/10/2015,23.472
Technology,08/10/2018,379.152
Technology,08/11/2015,333.576
Technology,08/11/2016,6175.81
Technology,08/12/2015,156.6
Technology,08/12/2016,2074.36
Technology,08/12/2017,1546.75
Technology,08/12/2018,1642.0240000000001
Technology,09/01/2015,31.2
Technology,09/01/2017,727.8779999999999
Technology,09/02/2016,500.752
Technology,09/02/2017,121.83
Technology,09/02/2018,127.984
Technology,09/03/2016,473.4
Technology,09/03/2017,199.75
Technology,09/03/2018,679.9639999999999
Technology,09/04/2017,517.9
Technology,09/05/2015,235.76999999999998
Technology,09/05/2017,113.116
Technology,09/05/2018,199.98
Technology,09/06/2015,1890.5520000000001
Technology,09/06/2016,212.976
Technology,09/06/2017,873.1800000000001
Technology,09/07/2016,734.952
Technology,09/07/2018,257.98
Technology,09/08/2015,1488.7199999999998
Technology,09/08/2016,1535.73
Technology,09/08/2017,44.784
Technology,09/09/2015,1500.21
Technology,09/09/2018,2446.494
Technology,09/10/2015,15.992
Technology,09/10/2016,1281.0700000000002
Technology,09/10/2017,23.976
Technology,09/11/2015,703.968
Technology,09/11/2016,3235.83
Technology,09/11/2017,479.97
Technology,09/11/2018,1617.754
Technology,09/12/2015,1079.976
Technology,09/12/2017,130.6
Technology,09/12/2018,2096.078
Technology,10/01/2017,69.98
Technology,10/03/2017,7583.354
Technology,10/03/2018,201.85199999999998
Technology,10/04/2018,195.726
Technology,10/05/2015,1475.6
Technology,10/05/2016,46.688
Technology,10/05/2017,743.988
Technology,10/06/2018,501.256
Technology,10/07/2017,341.991
Technology,10/08/2016,578.312
Technology,10/08/2018,1454.49
Technology,10/09/2017,1239.6399999999999
Technology,10/09/2018,853.77
Technology,10/10/2015,1577.8899999999999
Technology,10/10/2017,15.992
Technology,10/11/2015,612.526
Technology,10/11/2016,629.89
Technology,10/11/2017,1604.732
Technology,10/11/2018,1080.2
Technology,10/12/2016,1062.402
Technology,10/12/2017,44.75
Technology,10/12/2018,798.06
Technology,11/01/2017,15.588
Technology,11/02/2015,234.45
Technology,11/02/2017,69.93
Technology,11/02/2018,88.776
Technology,11/03/2015,620.9300000000001
Technology,11/03/2017,45.98
Technology,11/03/2018,840.73
Technology,11/04/2015,1801.2959999999998
Technology,11/04/2016,747.098
Technology,11/04/2018,227.07
Technology,11/05/2015,205.768
Technology,11/06/2016,303.284
Technology,11/06/2017,629.94
Technology,11/06/2018,385.8
Technology,11/07/2015,773.938
Technology,11/07/2016,716.0
Technology,11/07/2018,1492.002
Technology,11/08/2016,138.0
Technology,11/08/2018,153.584
Technology,11/09/2016,19.99
Technology,11/09/2017,5900.986
Technology,11/09/2018,223.91199999999998
Technology,11/10/2015,345.0
Technology,11/10/2016,31.95
Technology,11/11/2015,1627.6979999999999
Technology,11/11/2017,449.918
Technology,11/11/2018,35.184
Technology,11/12/2016,519.284
Technology,11/12/2017,2188.854
Technology,11/12/2018,475.69
Technology,12/01/2016,271.948
Technology,12/03/2018,69.93
Technology,12/04/2015,1513.456
Technology,12/05/2016,820.7360000000001
Technology,12/05/2017,751.96
Technology,12/05/2018,87.4
Technology,12/06/2016,55.984
Technology,12/06/2017,1076.019
Technology,12/06/2018,135.89600000000002
Technology,12/07/2015,279.776
Technology,12/07/2016,1652.3600000000001
Technology,12/07/2017,95.76
Technology,12/08/2015,965.264
Technology,12/08/2017,1399.944
Technology,12/08/2018,717.564
Technology,12/09/2015,142.606
Technology,12/09/2016,501.964
Technology,12/09/2017,167.652
Technology,12/10/2016,489.3399999999999
Technology,12/10/2018,2278.238
Technology,12/11/2015,79.512
Technology,12/11/2016,100.792
Technology,12/11/2017,235.96
Technology,12/11/2018,1285.9579999999999
Technology,12/12/2016,322.308
Technology,12/12/2017,1291.8319999999999
Technology,13/01/2015,646.74
Technology,13/02/2018,799.96
Technology,13/03/2017,1572.154
Technology,13/03/2018,1867.908
Technology,13/04/2015,71.928
Technology,13/04/2016,1178.432
Technology,13/05/2015,149.97
Technology,13/05/2016,222.384
Technology,13/05/2018,587.97
Technology,13/06/2016,967.95
Technology,13/06/2017,377.97
Technology,13/06/2018,47.984
Technology,13/07/2018,39.594
Technology,13/08/2017,71.98
Technology,13/08/2018,1.584
Technology,13/09/2015,714.94
Technology,13/09/2016,199.96
Technology,13/09/2017,179.92
Technology,13/10/2015,48.74
Technology,13/10/2016,83.72
Technology,13/10/2017,191.976
Technology,13/10/2018,241.924
Technology,13/11/2016,1209.7359999999999
Technology,13/11/2017,2279.96
Technology,13/11/2018,1896.239
Technology,13/12/2016,779.466
Technology,13/12/2017,63.88
Technology,14/01/2018,288.96799999999996
Technology,14/02/2015,239.97
Technology,14/02/2016,1021.9480000000001
Technology,14/03/2015,657.7099999999999
Technology,14/03/2018,49.616
Technology,14/05/2017,229.128
Technology,14/05/2018,2037.862
Technology,14/06/2017,47.754
Technology,14/07/2015,75.75399999999999
Technology,14/07/2017,940.184
Technology,14/07/2018,2501.292
Technology,14/08/2017,892.596
Technology,14/09/2015,3104.92
Technology,14/09/2016,879.984
Technology,14/09/2017,437.85
Technology,14/09/2018,1333.605
Technology,14/10/2015,2176.96
Technology,14/10/2017,2941.384
Technology,14/10/2018,46.36
Technology,14/11/2015,832.93
Technology,14/11/2016,396.628
Technology,14/11/2017,1803.9060000000002
Technology,14/11/2018,287.892
Technology,14/12/2015,7298.936
Technology,14/12/2016,369.968
Technology,14/12/2018,1724.45
Technology,15/01/2015,149.95
Technology,15/01/2017,254.97
Technology,15/01/2018,110.576
Technology,15/02/2016,974.9000000000001
Technology,15/03/2016,16.776
Technology,15/03/2017,83.976
Technology,15/04/2017,700.704
Technology,15/05/2018,40.711999999999996
Technology,15/06/2016,237.248
Technology,15/06/2018,2647.848
Technology,15/07/2015,2.97
Technology,15/07/2018,41.9
Technology,15/08/2017,943.12
Technology,15/09/2016,59.97
Technology,15/09/2018,1189.43
Technology,15/10/2016,603.8399999999999
Technology,15/10/2017,5.5
Technology,15/11/2015,772.47
Technology,15/11/2017,460.76599999999996
Technology,15/12/2015,40.68
Technology,15/12/2016,5073.42
Technology,15/12/2018,196.776
Technology,16/01/2015,124.2
Technology,16/01/2017,90.57
Technology,16/02/2017,89.97
Technology,16/02/2018,14.99
Technology,16/03/2015,471.92
Technology,16/03/2016,85.9
Technology,16/03/2018,1309.776
Technology,16/04/2016,2171.95
Technology,16/04/2017,9135.098
Technology,16/04/2018,25.98
Technology,16/05/2015,56.4
Technology,16/05/2016,255.968
Technology,16/06/2016,133.98
Technology,16/06/2017,91.475
Technology,16/06/2018,737.922
Technology,16/07/2016,599.9
Technology,16/07/2017,714.338
Technology,16/08/2016,2430.928
Technology,16/09/2018,175.952
Technology,16/10/2015,179.97
Technology,16/10/2016,824.97
Technology,16/10/2018,618.513
Technology,16/11/2015,353.928
Technology,16/11/2016,1544.712
Technology,16/11/2018,3240.178
Technology,16/12/2015,1122.148
Technology,16/12/2017,21.21
Technology,16/12/2018,339.9
Technology,17/01/2017,717.96
Technology,17/02/2018,649.8820000000001
Technology,17/03/2016,15.02
Technology,17/03/2017,214.764
Technology,17/03/2018,248.36
Technology,17/04/2016,1206.93
Technology,17/04/2017,36.792
Technology,17/04/2018,2824.875
Technology,17/06/2015,65.97
Technology,17/06/2017,596.97
Technology,17/06/2018,3505.84
Technology,17/07/2017,1046.184
Technology,17/07/2018,749.9639999999999
Technology,17/08/2015,339.96
Technology,17/08/2016,282.88
Technology,17/08/2018,170.136
Technology,17/09/2015,133.829
Technology,17/09/2016,1024.838
Technology,17/09/2017,1013.018
Technology,17/09/2018,1985.73
Technology,17/10/2015,119.976
Technology,17/10/2017,449.97
Technology,17/10/2018,52.792
Technology,17/11/2015,99.98
Technology,17/11/2016,415.968
Technology,17/11/2017,67.176
Technology,17/11/2018,11171.09
Technology,17/12/2016,135.984
Technology,17/12/2017,165.6
Technology,18/02/2018,277.506
Technology,18/03/2015,24739.748
Technology,18/03/2018,565.36
Technology,18/04/2015,515.944
Technology,18/04/2016,490.66
Technology,18/04/2017,29.56
Technology,18/05/2015,779.796
Technology,18/05/2018,586.432
Technology,18/06/2015,139.8
Technology,18/06/2016,467.97
Technology,18/07/2016,519.96
Technology,18/07/2017,71.568
Technology,18/07/2018,599.97
Technology,18/08/2017,39.99
Technology,18/08/2018,2401.15
Technology,18/09/2016,2477.04
Technology,18/09/2017,239.984
Technology,18/09/2018,609.0
Technology,18/10/2015,1394.95
Technology,18/10/2016,277.28000000000003
Technology,18/11/2015,549.552
Technology,18/11/2017,1976.152
Technology,18/11/2018,207.47000000000003
Technology,18/12/2016,166.24
Technology,18/12/2017,1053.542
Technology,18/12/2018,149.32
Technology,19/01/2018,429.6
Technology,19/03/2015,494.216
Technology,19/03/2016,3603.506
Technology,19/03/2018,957.004
Technology,19/04/2017,65.94
Technology,19/05/2018,1186.0320000000002
Technology,19/06/2018,225.448
Technology,19/07/2015,359.98
Technology,19/07/2017,425.954
Technology,19/09/2015,8204.925
Technology,19/09/2016,346.22
Technology,19/09/2017,249.95
Technology,19/09/2018,903.4300000000001
Technology,19/10/2015,439.12800000000004
Technology,19/10/2016,419.95
Technology,19/10/2018,326.25600000000003
Technology,19/11/2015,5561.186000000001
Technology,19/11/2016,861.76
Technology,19/11/2017,71.96
Technology,19/11/2018,31.968
Technology,19/12/2015,1366.744
Technology,19/12/2016,4375.584
Technology,20/01/2015,699.93
Technology,20/01/2018,520.752
Technology,20/02/2015,62.31
Technology,20/02/2016,29.99
Technology,20/02/2018,581.536
Technology,20/03/2017,96.77600000000001
Technology,20/03/2018,503.93
Technology,20/04/2016,287.97
Technology,20/05/2015,20.784
Technology,20/05/2017,1363.96
Technology,20/05/2018,1466.328
Technology,20/06/2015,620.384
Technology,20/06/2016,571.904
Technology,20/06/2017,169.668
Technology,20/06/2018,893.88
Technology,20/07/2015,41.94
Technology,20/07/2016,984.7840000000001
Technology,20/07/2017,89.95
Technology,20/07/2018,389.97
Technology,20/08/2017,14.78
Technology,20/08/2018,143.84
Technology,20/09/2015,2050.96
Technology,20/09/2018,1749.92
Technology,20/10/2015,319.968
Technology,20/10/2016,239.97
Technology,20/10/2017,317.68
Technology,20/10/2018,15.984
Technology,20/11/2015,833.94
Technology,20/11/2016,566.712
Technology,20/11/2017,1747.674
Technology,20/11/2018,1832.93
Technology,20/12/2015,585.36
Technology,20/12/2016,516.752
Technology,20/12/2017,66.3
Technology,21/01/2018,1315.883
Technology,21/02/2017,52.97
Technology,21/02/2018,47.904
Technology,21/03/2015,3499.93
Technology,21/04/2016,469.95
Technology,21/04/2018,59.516
Technology,21/05/2015,617.97
Technology,21/05/2017,2517.8360000000002
Technology,21/06/2015,3743.529
Technology,21/06/2016,107.976
Technology,21/07/2015,35.98
Technology,21/07/2018,2180.6440000000002
Technology,21/08/2016,21.728
Technology,21/08/2017,378.914
Technology,21/08/2018,465.148
Technology,21/09/2015,2286.338
Technology,21/09/2016,2431.124
Technology,21/09/2018,151.96
Technology,21/10/2017,439.392
Technology,21/10/2018,1798.308
Technology,21/11/2015,399.94
Technology,21/11/2016,1051.746
Technology,21/11/2017,516.861
Technology,21/11/2018,1755.144
Technology,21/12/2016,1436.426
Technology,21/12/2018,352.97
Technology,22/01/2017,165.55200000000002
Technology,22/01/2018,2999.95
Technology,22/02/2017,482.2
Technology,22/03/2016,1970.296
Technology,22/03/2017,58.58
Technology,22/04/2016,88.776
Technology,22/05/2015,180.93
Technology,22/05/2016,3749.0480000000002
Technology,22/05/2017,920.464
Technology,22/05/2018,68.46
Technology,22/06/2015,279.534
Technology,22/07/2015,159.98
Technology,22/07/2017,109.95
Technology,22/07/2018,29.97
Technology,22/09/2016,617.976
Technology,22/09/2017,63.936
Technology,22/09/2018,1763.0439999999999
Technology,22/10/2018,13685.258
Technology,22/11/2016,60.153
Technology,22/11/2017,24.032
Technology,22/12/2017,11.56
Technology,22/12/2018,1503.752
Technology,23/01/2017,99.98
Technology,23/01/2018,182.336
Technology,23/02/2018,71.96
Technology,23/03/2015,604.752
Technology,23/03/2016,239.97
Technology,23/03/2018,13999.96
Technology,23/04/2017,99.99
Technology,23/04/2018,200.748
Technology,23/05/2015,55.188
Technology,23/05/2017,10502.286
Technology,23/06/2015,86.376
Technology,23/06/2016,638.128
Technology,23/06/2017,862.344
Technology,23/07/2015,2555.084
Technology,23/07/2017,380.611
Technology,23/07/2018,559.7
Technology,23/08/2015,143.64
Technology,23/08/2016,251.91
Technology,23/08/2017,1505.98
Technology,23/08/2018,4367.896
Technology,23/09/2015,83.984
Technology,23/09/2018,579.8779999999999
Technology,23/10/2016,846.448
Technology,23/10/2018,1778.92
Technology,23/11/2015,35.534
Technology,23/11/2016,307.98
Technology,23/11/2018,520.448
Technology,23/12/2017,4373.266
Technology,23/12/2018,494.97
Technology,24/01/2018,110.352
Technology,24/02/2018,1319.8
Technology,24/03/2017,403.168
Technology,24/03/2018,495.99
Technology,24/04/2017,258.696
Technology,24/04/2018,621.98
Technology,24/06/2017,4955.95
Technology,24/07/2016,279.86
Technology,24/07/2018,2399.96
Technology,24/08/2016,3800.9120000000003
Technology,24/09/2016,880.2600000000001
Technology,24/09/2018,4584.644
Technology,24/10/2017,1349.946
Technology,24/11/2015,2664.136
Technology,24/11/2016,13.98
Technology,24/11/2017,2531.82
Technology,24/11/2018,169.088
Technology,24/12/2015,1054.882
Technology,24/12/2016,5491.902
Technology,24/12/2017,453.65
Technology,24/12/2018,3359.9220000000005
Technology,25/03/2015,45.48
Technology,25/03/2017,1287.45
Technology,25/03/2018,1161.528
Technology,25/04/2015,302.376
Technology,25/04/2017,82.8
Technology,25/04/2018,107.97
Technology,25/05/2016,675.024
Technology,25/05/2018,120.0
Technology,25/06/2015,263.96
Technology,25/06/2018,148.48
Technology,25/07/2016,623.96
Technology,25/07/2017,1439.976
Technology,25/08/2015,1103.0439999999999
Technology,25/09/2016,1228.83
Technology,25/09/2017,499.95
Technology,25/09/2018,119.96
Technology,25/10/2015,40.776
Technology,25/10/2016,158.99
Technology,25/10/2017,783.96
Technology,25/11/2015,564.592
Technology,25/11/2017,5099.860999999999
Technology,25/11/2018,339.91999999999996
Technology,25/12/2016,2117.84
Technology,25/12/2017,3646.054
Technology,25/12/2018,401.208
Technology,26/01/2015,343.33
Technology,26/01/2018,2939.93
Technology,26/02/2018,889.536
Technology,26/03/2015,95.084
Technology,26/03/2016,16.776
Technology,26/03/2017,119.976
Technology,26/03/2018,2717.13
Technology,26/04/2016,311.976
Technology,26/05/2015,285.568
Technology,26/05/2016,567.484
Technology,26/05/2017,695.056
Technology,26/05/2018,23.08
Technology,26/06/2016,1013.78
Technology,26/06/2017,310.496
Technology,26/06/2018,2119.934
Technology,26/07/2015,1626.02
Technology,26/07/2018,1649.95
Technology,26/08/2015,326.77
Technology,26/08/2017,1228.828
Technology,26/08/2018,71.98
Technology,26/09/2015,3.152
Technology,26/09/2016,2343.984
Technology,26/09/2017,531.976
Technology,26/10/2015,383.96
Technology,26/10/2016,174.304
Technology,26/10/2018,200.18200000000002
Technology,26/11/2015,718.296
Technology,26/11/2016,599.99
Technology,26/11/2017,3594.952
Technology,26/11/2018,3208.682
Technology,26/12/2017,392.35400000000004
Technology,27/01/2016,587.346
Technology,27/01/2018,317.898
Technology,27/02/2016,644.9
Technology,27/03/2018,246.09199999999998
Technology,27/04/2016,1379.92
Technology,27/05/2015,1213.494
Technology,27/05/2018,967.698
Technology,27/06/2015,223.96
Technology,27/06/2017,201.584
Technology,27/06/2018,1287.45
Technology,27/07/2015,238.0
Technology,27/07/2016,29.97
Technology,27/07/2018,778.8699999999999
Technology,27/08/2015,793.4300000000001
Technology,27/08/2017,59.97
Technology,27/08/2018,2347.842
Technology,27/09/2016,1871.88
Technology,27/09/2017,1001.584
Technology,27/10/2018,194.98399999999998
Technology,27/11/2016,1389.618
Technology,27/11/2017,486.102
Technology,27/11/2018,367.45799999999997
Technology,27/12/2015,498.0
Technology,27/12/2016,1364.62
Technology,27/12/2017,40.0
Technology,27/12/2018,164.388
Technology,28/01/2018,689.88
Technology,28/03/2015,302.376
Technology,28/03/2016,166.24
Technology,28/03/2018,532.72
Technology,28/04/2015,1839.94
Technology,28/04/2017,369.576
Technology,28/04/2018,751.984
Technology,28/05/2015,85.00800000000001
Technology,28/05/2016,45.99
Technology,28/05/2017,976.4
Technology,28/05/2018,522.296
Technology,28/06/2017,359.976
Technology,28/07/2018,1145.6
Technology,28/08/2016,3943.096
Technology,28/08/2017,108.576
Technology,28/08/2018,35.168
Technology,28/09/2016,344.764
Technology,28/09/2018,54.384
Technology,28/10/2015,257.98
Technology,28/10/2017,302.376
Technology,28/10/2018,50.176
Technology,28/11/2015,1138.78
Technology,28/11/2016,647.904
Technology,28/11/2017,441.882
Technology,28/11/2018,1979.89
Technology,28/12/2016,54.384
Technology,28/12/2018,14.85
Technology,29/03/2016,53.25
Technology,29/03/2017,971.112
Technology,29/04/2015,19.98
Technology,29/05/2017,979.95
Technology,29/06/2016,269.98
Technology,29/06/2018,62.31
Technology,29/07/2018,699.332
Technology,29/08/2016,246.5
Technology,29/08/2017,117.976
Technology,29/09/2015,686.32
Technology,29/09/2017,1069.17
Technology,29/09/2018,576.486
Technology,29/10/2015,2737.9320000000002
Technology,29/11/2015,575.92
Technology,29/11/2016,21.48
Technology,29/11/2017,58.416
Technology,29/12/2015,1423.672
Technology,29/12/2018,302.376
Technology,30/01/2016,1919.976
Technology,30/01/2017,1439.968
Technology,30/01/2018,2814.9359999999997
Technology,30/03/2015,251.944
Technology,30/03/2016,180.96
Technology,30/03/2018,164.792
Technology,30/04/2015,47.79
Technology,30/04/2016,1252.27
Technology,30/04/2018,679.956
Technology,30/05/2015,1183.976
Technology,30/05/2016,520.78
Technology,30/05/2017,3361.578
Technology,30/05/2018,192.152
Technology,30/06/2017,50.12
Technology,30/06/2018,1001.584
Technology,30/07/2016,209.93
Technology,30/07/2018,89.95
Technology,30/08/2017,630.858
Technology,30/09/2018,159.98
Technology,30/10/2016,1923.646
Technology,30/10/2018,590.88
Technology,30/11/2015,102.24
Technology,30/11/2016,272.4
Technology,30/11/2017,36.192
Technology,30/11/2018,1097.9879999999998
Technology,30/12/2015,874.2760000000001
Technology,30/12/2016,2836.44
Technology,30/12/2018,90.93
Technology,31/01/2017,109.592
Technology,31/03/2015,79.984
Technology,31/03/2016,79.96
Technology,31/03/2017,312.76599999999996
Technology,31/03/2018,4434.41
Technology,31/05/2015,773.7
Technology,31/05/2017,179.7
Technology,31/07/2016,2549.35
Technology,31/07/2017,754.95
Technology,31/07/2018,363.79200000000003
Technology,31/08/2015,92.52
Technology,31/08/2016,832.446
Technology,31/08/2018,1349.308
Technology,31/10/2015,1067.83
Technology,31/10/2016,1295.84
Technology,31/10/2018,508.768
Technology,31/12/2015,2360.014
Technology,31/12/2017,302.376
